date,demand,sku,supermarket,weekday,month,is_promotion,year,day,dayofweek,weekofyear,quarter,is_weekend,lag_7,lag_14,lag_28,rolling_mean_7,rolling_mean_14,rolling_mean_28,rolling_std_7,rolling_std_14,rolling_std_28,supermarket_encoded,sku_encoded
2019-03-19,69.0,Free Range Eggs,DailyNeeds,Tuesday,3,0,2019,19,1,12,1,0,70.0,70.0,67.0,68.85714285714286,68.21428571428571,67.92857142857143,1.7728105208558442,1.8883680959850142,2.0354009783964297,0,0
2019-03-20,70.0,Free Range Eggs,DailyNeeds,Wednesday,3,0,2019,20,2,12,1,0,69.0,69.0,71.0,68.71428571428571,68.14285714285714,68.0,1.7043362064927003,1.8337495365063816,2.0367003088692623,0,0
2019-03-21,69.0,Free Range Eggs,DailyNeeds,Thursday,3,0,2019,21,3,12,1,0,70.0,69.0,70.0,68.85714285714286,68.21428571428571,67.96428571428571,1.7728105208558442,1.8883680959850142,1.9903869502285763,0,0
2019-03-22,70.0,Free Range Eggs,DailyNeeds,Friday,3,0,2019,22,4,12,1,0,71.0,68.0,68.0,68.71428571428571,68.21428571428571,67.92857142857143,1.7043362064927003,1.8883680959850142,1.9612651137877426,0,0
2019-03-23,69.0,Free Range Eggs,DailyNeeds,Saturday,3,0,2019,23,5,12,1,1,69.0,66.0,67.0,68.57142857142857,68.35714285714286,68.0,1.5118578920369157,1.9456912102680315,2.0,0,0
2019-03-24,67.0,Free Range Eggs,DailyNeeds,Sunday,3,0,2019,24,6,12,1,1,66.0,66.0,65.0,68.57142857142857,68.57142857142857,68.07142857142857,1.5118578920369157,1.827747066926744,1.9986768109699464,0,0
2019-03-25,66.0,Free Range Eggs,DailyNeeds,Monday,3,0,2019,25,0,13,1,0,67.0,65.0,66.0,68.71428571428571,68.64285714285714,68.14285714285714,1.2535663410560252,1.7368026705655093,1.9189944456771322,0,0
2019-07-17,74.0,Free Range Eggs,DailyNeeds,Wednesday,7,0,2019,17,2,29,3,0,73.0,74.0,72.0,71.0,71.07142857142857,71.14285714285714,2.380476142847619,2.0555473055306734,1.7994708216848843,0,0
2019-07-18,74.0,Free Range Eggs,DailyNeeds,Thursday,7,0,2019,18,3,29,3,0,73.0,73.0,72.0,71.14285714285714,71.07142857142857,71.21428571428571,2.544836041121409,2.0555473055306734,1.8729486132664024,0,0
2019-07-19,72.0,Free Range Eggs,DailyNeeds,Friday,7,0,2019,19,4,29,3,0,73.0,70.0,72.0,71.28571428571429,71.14285714285714,71.28571428571429,2.6903708365381993,2.143223411920996,1.9409265228740102,0,0
2019-07-20,69.0,Free Range Eggs,DailyNeeds,Saturday,7,0,2019,20,5,29,3,1,70.0,69.0,70.0,71.14285714285714,71.28571428571429,71.28571428571429,2.60950643025148,2.127785827444154,1.9409265228740102,0,0
2019-07-21,70.0,Free Range Eggs,DailyNeeds,Sunday,7,0,2019,21,6,29,3,1,67.0,70.0,70.0,71.0,71.28571428571429,71.25,2.7080128015453213,2.127785827444154,1.9743728493241035,0,0
2019-07-22,68.0,Free Range Eggs,DailyNeeds,Monday,7,0,2019,22,0,30,3,0,72.0,70.0,69.0,71.42857142857143,71.28571428571429,71.25,2.1491969707422443,2.127785827444154,1.9743728493241035,0,0
2019-08-24,71.0,Free Range Eggs,DailyNeeds,Saturday,8,0,2019,24,5,34,3,1,70.0,72.0,71.0,71.0,71.07142857142857,71.14285714285714,1.632993161855452,1.7304639535411246,1.6934358174211699,0,0
2020-09-30,73.0,Free Range Eggs,DailyNeeds,Wednesday,9,0,2020,30,2,40,3,0,73.0,74.0,74.0,71.28571428571429,71.5,71.82142857142857,2.2146697055682742,2.0662116951634255,1.9255316039141712,0,0
2020-10-01,74.0,Free Range Eggs,DailyNeeds,Thursday,10,0,2020,1,3,40,4,0,75.0,74.0,75.0,71.28571428571429,71.42857142857143,71.78571428571429,2.2146697055682742,1.9889806323952268,1.8926200310709251,0,0
2020-10-02,72.0,Free Range Eggs,DailyNeeds,Friday,10,0,2020,2,4,40,4,0,72.0,72.0,73.0,71.14285714285714,71.42857142857143,71.75,1.9518001458970533,1.9889806323952266,1.8383769008639015,0,0
2020-10-03,71.0,Free Range Eggs,DailyNeeds,Saturday,10,0,2020,3,5,40,4,1,71.0,71.0,72.0,71.14285714285714,71.42857142857143,71.71428571428571,1.9518001458970533,1.9889806323952266,1.8228415517404857,0,0
2020-10-04,68.0,Free Range Eggs,DailyNeeds,Sunday,10,0,2020,4,6,40,4,1,69.0,68.0,69.0,71.14285714285714,71.42857142857143,71.67857142857143,1.9518001458970533,1.9889806323952266,1.8268282862113592,0,0
2021-03-15,70.0,Free Range Eggs,DailyNeeds,Monday,3,0,2021,15,0,11,1,0,70.0,70.0,69.0,71.28571428571429,71.35714285714286,71.07142857142857,1.7994708216848851,1.5495479666982128,1.5378814535200946,0,0
2021-03-16,72.0,Free Range Eggs,DailyNeeds,Tuesday,3,0,2021,16,1,11,1,0,71.0,72.0,71.0,71.28571428571429,71.35714285714286,71.10714285714286,1.7994708216848851,1.5495479666982128,1.4991179064223747,0,0
2021-03-17,73.0,Free Range Eggs,DailyNeeds,Wednesday,3,0,2021,17,2,11,1,0,74.0,73.0,72.0,71.42857142857143,71.35714285714286,71.14285714285714,1.8126539343499413,1.5495479666982128,1.508354161042417,0,0
2021-03-18,73.0,Free Range Eggs,DailyNeeds,Thursday,3,0,2021,18,3,11,1,0,73.0,73.0,74.0,71.28571428571429,71.35714285714286,71.17857142857143,1.6035674514745573,1.5495479666982128,1.5408889072026946,0,0
2021-03-19,72.0,Free Range Eggs,DailyNeeds,Friday,3,0,2021,19,4,11,1,0,72.0,72.0,72.0,71.28571428571429,71.35714285714286,71.14285714285714,1.6035674514745573,1.5495479666982128,1.483596374038404,0,0
2021-03-20,71.0,Free Range Eggs,DailyNeeds,Saturday,3,0,2021,20,5,11,1,1,69.0,70.0,69.0,71.28571428571429,71.35714285714286,71.14285714285714,1.6035674514745573,1.5495479666982128,1.483596374038404,0,0
2021-03-21,70.0,Free Range Eggs,DailyNeeds,Sunday,3,0,2021,21,6,11,1,1,70.0,70.0,70.0,71.57142857142857,71.42857142857143,71.21428571428571,1.2724180205607156,1.5045717874983298,1.4235360994568098,0,0
2021-03-22,70.0,Free Range Eggs,DailyNeeds,Monday,3,0,2021,22,0,12,1,0,70.0,70.0,69.0,71.57142857142857,71.42857142857143,71.21428571428571,1.2724180205607156,1.5045717874983298,1.4235360994568098,0,0
2021-03-23,71.0,Free Range Eggs,DailyNeeds,Tuesday,3,0,2021,23,1,12,1,0,72.0,71.0,70.0,71.57142857142857,71.42857142857143,71.25,1.2724180205607156,1.5045717874983298,1.377732974182523,0,0
2021-03-24,74.0,Free Range Eggs,DailyNeeds,Wednesday,3,0,2021,24,2,12,1,0,73.0,74.0,71.0,71.42857142857143,71.42857142857143,71.28571428571429,1.2724180205607156,1.5045717874983298,1.356933985598233,0,0
2021-09-11,73.0,Free Range Eggs,DailyNeeds,Saturday,9,0,2021,11,5,36,3,1,73.0,73.0,75.0,74.0,73.78571428571429,74.28571428571429,1.0000000000001592,1.4769288003549679,1.5361602650079818,0,0
2021-09-12,74.0,Free Range Eggs,DailyNeeds,Sunday,9,0,2021,12,6,36,3,1,73.0,71.0,73.0,74.0,73.78571428571429,74.21428571428571,1.0000000000001592,1.4769288003549679,1.5481684006678436,0,0
2021-09-13,73.0,Free Range Eggs,DailyNeeds,Monday,9,0,2021,13,0,37,3,0,73.0,72.0,73.0,74.14285714285714,74.0,74.25,0.8997354108426272,1.2403473458917913,1.5305530348843275,0,0
2021-09-14,75.0,Free Range Eggs,DailyNeeds,Tuesday,9,0,2021,14,1,37,3,0,75.0,73.0,74.0,74.14285714285714,74.07142857142857,74.25,0.8997354108426272,1.141138818109817,1.5305530348843275,0,0
2021-09-15,76.0,Free Range Eggs,DailyNeeds,Wednesday,9,0,2021,15,2,37,3,0,75.0,76.0,76.0,74.14285714285714,74.21428571428571,74.28571428571429,0.8997354108426272,1.1217137594952717,1.5361602650079818,0,0
2021-09-16,74.0,Free Range Eggs,DailyNeeds,Thursday,9,0,2021,16,3,37,3,0,75.0,76.0,77.0,74.28571428571429,74.21428571428571,74.28571428571429,1.112697280528539,1.1217137594952717,1.5361602650079818,0,0
2021-09-17,74.0,Free Range Eggs,DailyNeeds,Friday,9,0,2021,17,4,37,3,0,74.0,74.0,76.0,74.14285714285714,74.07142857142857,74.17857142857143,1.0690449676498572,0.9972489631505088,1.4415416497775426,0,0
2021-09-18,72.0,Free Range Eggs,DailyNeeds,Saturday,9,0,2021,18,5,37,3,1,73.0,73.0,74.0,74.14285714285714,74.07142857142857,74.10714285714286,1.0690449676498572,0.9972489631505088,1.3968028497462448,0,0
2021-12-13,71.0,Free Range Eggs,DailyNeeds,Monday,12,0,2021,13,0,50,4,0,72.0,69.0,69.0,71.57142857142857,71.5,71.5,2.3704530408865616,2.27866357593776,1.9148542155129802,0,0
2021-12-14,70.0,Free Range Eggs,DailyNeeds,Tuesday,12,0,2021,14,1,50,4,0,71.0,71.0,70.0,71.42857142857143,71.64285714285714,71.57142857142857,2.3704530408865625,2.169974932755899,1.8544954675476024,0,0
2021-12-15,72.0,Free Range Eggs,DailyNeeds,Wednesday,12,0,2021,15,2,50,4,0,72.0,74.0,74.0,71.28571428571429,71.57142857142857,71.57142857142857,2.429971585175975,2.2088732148130736,1.8544954675476024,0,0
2021-12-16,72.0,Free Range Eggs,DailyNeeds,Thursday,12,0,2021,16,3,50,4,0,74.0,75.0,73.0,71.28571428571429,71.42857142857143,71.5,2.429971585175975,2.1018045621751296,1.7950549357118253,0,0
2019-12-12,100.0,Organic Milk,DailyNeeds,Thursday,12,0,2019,12,3,50,4,0,97.0,102.0,100.0,97.57142857142857,97.64285714285714,98.03571428571429,1.5118578920368944,1.7368026705635364,1.8754188244754062,0,1
2019-12-13,99.0,Organic Milk,DailyNeeds,Friday,12,0,2019,13,4,50,4,0,96.0,98.0,98.0,98.0,97.5,98.03571428571429,1.7320508075688488,1.4005493427693159,1.8754188244754062,0,1
2019-12-14,97.0,Organic Milk,DailyNeeds,Saturday,12,0,2019,14,5,50,4,1,97.0,97.0,96.0,98.42857142857143,97.57142857142857,98.07142857142857,1.5118578920368573,1.4525460784027535,1.8842145711848988,0,1
2019-12-15,97.0,Organic Milk,DailyNeeds,Sunday,12,0,2019,15,6,50,4,1,98.0,98.0,96.0,98.42857142857143,97.57142857142857,98.10714285714286,1.5118578920368573,1.4525460784027535,1.8527114407107814,0,1
2019-12-16,95.0,Organic Milk,DailyNeeds,Monday,12,0,2019,16,0,51,4,0,96.0,96.0,96.0,98.28571428571429,97.5,98.14285714285714,1.6035674514745042,1.4544361847044776,1.8199366231191247,0,1
2019-12-17,100.0,Organic Milk,DailyNeeds,Tuesday,12,0,2019,17,1,51,4,0,99.0,96.0,99.0,98.14285714285714,97.42857142857143,98.10714285714286,1.864454471471579,1.5548576840262627,1.8725954599471537,0,1
2019-12-18,101.0,Organic Milk,DailyNeeds,Wednesday,12,0,2019,18,2,51,4,0,100.0,97.0,99.0,98.28571428571429,97.71428571428571,98.14285714285714,1.9760470401186727,1.6374732612509448,1.8995961698388792,0,1
2019-12-19,100.0,Organic Milk,DailyNeeds,Thursday,12,0,2019,19,3,51,4,0,100.0,97.0,101.0,98.42857142857143,98.0,98.21428571428571,2.149196970742202,1.8397324220137385,1.9693417373091449,0,1
2019-12-20,100.0,Organic Milk,DailyNeeds,Friday,12,0,2019,20,4,51,4,0,99.0,96.0,101.0,98.42857142857143,98.21428571428571,98.17857142857143,2.149196970742202,1.8883680959832048,1.925531603914328,0,1
2019-12-21,97.0,Organic Milk,DailyNeeds,Saturday,12,0,2019,21,5,51,4,1,97.0,97.0,97.0,98.57142857142857,98.5,98.14285714285714,2.225394561056706,1.829249530858772,1.8799977485072867,0,1
2019-12-22,96.0,Organic Milk,DailyNeeds,Sunday,12,0,2019,22,6,51,4,1,97.0,98.0,98.0,98.57142857142857,98.5,98.14285714285714,2.225394561056706,1.829249530858772,1.8799977485072867,0,1
2020-01-21,98.0,Organic Milk,DailyNeeds,Tuesday,1,0,2020,21,1,4,1,0,96.0,98.0,98.0,153.14285714285714,126.28571428571429,112.14285714285714,146.34938625475286,103.26621949075162,73.10100282319397,0,1
2020-01-22,100.0,Organic Milk,DailyNeeds,Wednesday,1,0,2020,22,2,4,1,0,101.0,101.0,99.0,153.42857142857142,126.28571428571429,112.14285714285714,146.22113064676745,103.26621949075162,73.10100282319397,0,1
2020-01-23,100.0,Organic Milk,DailyNeeds,Thursday,1,0,2020,23,3,4,1,0,485.0,100.0,99.0,153.28571428571428,126.21428571428571,112.17857142857143,146.28136619282063,103.28539890213732,73.09458791913927,0,1
2020-01-24,98.0,Organic Milk,DailyNeeds,Friday,1,0,2020,24,4,4,1,0,100.0,102.0,99.0,98.28571428571429,126.21428571428571,112.21428571428571,1.799470821687543,103.28539890213732,73.08815435402856,0,1
2020-01-25,97.0,Organic Milk,DailyNeeds,Saturday,1,0,2020,25,5,4,1,1,96.0,99.0,99.0,98.0,125.92857142857143,112.17857142857143,1.6329931618584226,103.36303779600125,73.09509461751078,0,1
2020-01-26,95.0,Organic Milk,DailyNeeds,Sunday,1,0,2020,26,6,4,1,1,96.0,100.0,94.0,98.14285714285714,125.78571428571429,112.10714285714286,1.463850109426097,103.40449221861209,73.1094254883602,0,1
2020-01-27,100.0,Organic Milk,DailyNeeds,Monday,1,0,2020,27,0,5,1,0,98.0,96.0,97.0,98.0,125.42857142857143,112.14285714285714,1.7320508075716752,103.50898458641109,73.10049616577535,0,1
2020-01-28,98.0,Organic Milk,DailyNeeds,Tuesday,1,0,2020,28,1,5,1,0,98.0,96.0,98.0,98.28571428571429,125.71428571428571,112.25,1.8898223650486792,103.42699288456015,73.07967493694048,0,1
2020-01-29,101.0,Organic Milk,DailyNeeds,Wednesday,1,0,2020,29,2,5,1,0,100.0,101.0,101.0,98.28571428571429,125.85714285714286,112.25,1.8898223650486792,103.38416568452692,73.07967493694048,0,1
2020-01-30,99.0,Organic Milk,DailyNeeds,Thursday,1,0,2020,30,3,5,1,0,100.0,485.0,101.0,98.42857142857143,125.85714285714286,112.25,2.070196678029375,103.38416568452692,73.07967493694048,0,1
2020-01-31,101.0,Organic Milk,DailyNeeds,Friday,1,0,2020,31,4,5,1,0,98.0,100.0,95.0,98.28571428571429,98.28571428571429,112.17857142857143,1.9760470401211394,1.8156825980050815,73.09205437459266,0,1
2020-02-01,95.0,Organic Milk,DailyNeeds,Saturday,2,0,2020,1,5,5,1,1,97.0,96.0,98.0,98.71428571428571,98.35714285714286,112.39285714285714,2.214669705570426,1.9057460827359256,73.04860851754265,0,1
2020-02-02,98.0,Organic Milk,DailyNeeds,Sunday,2,0,2020,2,6,5,1,1,95.0,96.0,97.0,98.42857142857143,98.28571428571429,112.28571428571429,2.5727509827142594,2.0164161440360586,73.07269700523612,0,1
2020-02-03,97.0,Organic Milk,DailyNeeds,Monday,2,0,2020,3,0,6,1,0,100.0,98.0,97.0,98.85714285714286,98.42857142857143,112.32142857142857,2.1157009420520487,1.9100658753945763,73.06519340132128,0,1
2020-02-04,102.0,Organic Milk,DailyNeeds,Tuesday,2,0,2020,4,1,6,1,0,98.0,98.0,98.0,98.42857142857143,98.35714285714286,112.32142857142857,2.1491969707444647,1.9456912102667978,73.06519340132128,0,1
2020-02-05,99.0,Organic Milk,DailyNeeds,Wednesday,2,0,2020,5,2,6,1,0,101.0,100.0,101.0,99.0,98.64285714285714,112.46428571428571,2.5166114784254505,2.169974932755316,73.0400611247042,0,1
2020-02-06,101.0,Organic Milk,DailyNeeds,Thursday,2,0,2020,6,3,6,1,0,99.0,100.0,100.0,98.71428571428571,98.57142857142857,112.39285714285714,2.3603873774103383,2.1380899352982774,73.05266455743963,0,1
2020-02-07,100.0,Organic Milk,DailyNeeds,Friday,2,0,2020,7,4,6,1,0,101.0,98.0,102.0,99.0,98.64285714285714,112.42857142857143,2.5166114784254505,2.205138853367876,73.04662568393915,0,1
2020-02-08,100.0,Organic Milk,DailyNeeds,Saturday,2,0,2020,8,5,6,1,1,95.0,97.0,99.0,98.85714285714286,98.78571428571429,112.35714285714286,2.410295378067437,2.2249830225295426,73.05817787556265,0,1
2020-02-09,96.0,Organic Milk,DailyNeeds,Sunday,2,0,2020,9,6,6,1,1,98.0,95.0,100.0,99.57142857142857,99.0,112.39285714285714,1.718249385971131,2.183856856395595,73.05165056857817,0,1
2020-02-10,98.0,Organic Milk,DailyNeeds,Monday,2,0,2020,10,0,7,1,0,97.0,100.0,96.0,99.28571428571429,99.07142857142857,112.25,2.1380899353015734,2.055547305529604,73.080688536966,0,1
2020-02-11,96.0,Organic Milk,DailyNeeds,Tuesday,2,0,2020,11,1,7,1,0,102.0,98.0,96.0,99.42857142857143,98.92857142857143,112.32142857142857,1.9880595947783397,2.0555473055295983,73.06519340132128,0,1
2020-05-19,19.4,Organic Milk,DailyNeeds,Tuesday,5,0,2020,19,1,21,2,0,98.0,101.0,98.0,100.0,100.42857142857143,100.75,1.8257418583529814,2.0648816585308434,2.3194028605723096,0,1
2020-05-20,103.0,Organic Milk,DailyNeeds,Wednesday,5,0,2020,20,2,21,2,0,101.0,104.0,100.0,88.77142857142857,94.60000000000001,97.94285714285715,30.631667398609864,21.741700450092182,15.557383112598707,0,1
2020-05-21,103.0,Organic Milk,DailyNeeds,Thursday,5,0,2020,21,3,21,2,0,103.0,102.0,103.0,89.05714285714285,94.52857142857144,98.05,30.77373648328828,21.710062486939396,15.582385592095417,0,1
2020-05-22,102.0,Organic Milk,DailyNeeds,Friday,5,0,2020,22,4,21,2,0,100.0,103.0,101.0,89.05714285714285,94.60000000000001,98.05,30.77373648328828,21.738162118902608,15.582385592095417,0,1
2020-05-23,100.0,Organic Milk,DailyNeeds,Saturday,5,0,2020,23,5,21,2,1,101.0,98.0,101.0,89.34285714285714,94.52857142857144,98.08571428571429,30.901286766242183,21.710062486939396,15.590541156258036,0,1
2020-05-24,100.0,Organic Milk,DailyNeeds,Sunday,5,0,2020,24,6,21,2,1,98.0,98.0,97.0,89.2,94.67142857142858,98.05,30.840665794802117,21.74122028177488,15.584762263660517,0,1
2020-05-25,102.0,Organic Milk,DailyNeeds,Monday,5,0,2020,25,0,22,2,0,99.0,100.0,98.0,89.48571428571428,94.81428571428572,98.15714285714286,30.944866487105294,21.771324016939108,15.587588333443763,0,1
2020-05-26,102.0,Organic Milk,DailyNeeds,Tuesday,5,0,2020,26,1,22,2,0,19.4,98.0,102.0,89.91428571428571,94.95714285714287,98.3,31.118881115888023,21.814487574359116,15.604415329571943,0,1
2020-05-27,103.0,Organic Milk,DailyNeeds,Wednesday,5,0,2020,27,2,22,2,0,103.0,101.0,105.0,101.71428571428571,95.24285714285715,98.3,1.2535663410592588,21.883492699915454,15.604415329571943,0,1
2020-05-28,102.0,Organic Milk,DailyNeeds,Thursday,5,0,2020,28,3,22,2,0,103.0,103.0,104.0,101.71428571428571,95.38571428571429,98.22857142857143,1.2535663410592572,21.93044449171963,15.57716412984226,0,1
2020-05-29,103.0,Organic Milk,DailyNeeds,Friday,5,0,2020,29,4,22,2,0,102.0,100.0,104.0,101.57142857142857,95.31428571428572,98.15714285714286,1.133893419031275,21.90535084412929,15.554287930209954,0,1
2020-05-30,100.0,Organic Milk,DailyNeeds,Saturday,5,0,2020,30,5,22,2,1,100.0,101.0,103.0,101.71428571428571,95.52857142857144,98.12142857142858,1.2535663410592572,21.969294256072278,15.541518042610416,0,1
2020-05-31,99.0,Organic Milk,DailyNeeds,Sunday,5,0,2020,31,6,22,2,1,100.0,98.0,101.0,101.71428571428571,95.45714285714287,98.01428571428572,1.2535663410592572,21.951755292904497,15.5169611927106,0,1
2020-06-01,101.0,Organic Milk,DailyNeeds,Monday,6,0,2020,1,0,23,2,0,102.0,99.0,98.0,101.57142857142857,95.52857142857144,97.94285714285715,1.511857892039602,21.962290358753524,15.507308398191347,0,1
2020-06-02,102.0,Organic Milk,DailyNeeds,Tuesday,6,0,2020,2,1,23,2,0,102.0,19.4,101.0,101.42857142857143,95.67142857142858,98.05,1.51185789203961,21.99309082316636,15.51807786875497,0,1
2020-07-02,106.0,Organic Milk,DailyNeeds,Thursday,7,0,2020,2,3,27,3,0,103.0,103.0,106.0,101.28571428571429,101.28571428571429,101.96428571428571,2.870208222081347,2.367360472001787,2.168497395060062,0,1
2020-07-03,101.0,Organic Milk,DailyNeeds,Friday,7,0,2020,3,4,27,3,0,101.0,102.0,102.0,101.71428571428571,101.5,101.96428571428571,3.352326839391306,2.6530099016894915,2.168497395060062,0,1
2020-07-04,101.0,Organic Milk,DailyNeeds,Saturday,7,0,2020,4,5,27,3,1,103.0,102.0,101.0,101.71428571428571,101.42857142857143,101.92857142857143,3.352326839391306,2.6519741765273603,2.1761088519306804,0,1
2020-07-05,98.0,Organic Milk,DailyNeeds,Sunday,7,0,2020,5,6,27,3,1,97.0,99.0,102.0,101.42857142857143,101.35714285714286,101.92857142857143,3.309438162647711,2.64886457118601,2.1761088519306804,0,1
2020-07-06,102.0,Organic Milk,DailyNeeds,Monday,7,0,2020,6,0,28,3,0,98.0,98.0,102.0,101.57142857142857,101.28571428571429,101.78571428571429,3.10145895008393,2.729569462488612,2.299068134204736,0,1
2020-08-14,103.0,Organic Milk,DailyNeeds,Friday,8,0,2020,14,4,33,3,0,105.0,103.0,104.0,101.85714285714286,102.0,102.32142857142857,2.0354009783984064,1.5689290811058003,1.7008401285418864,0,1
2020-08-15,102.0,Organic Milk,DailyNeeds,Saturday,8,0,2020,15,5,33,3,1,101.0,101.0,99.0,101.57142857142857,102.0,102.28571428571429,1.618347187427881,1.5689290811058003,1.674584367607093,0,1
2020-08-16,103.0,Organic Milk,DailyNeeds,Sunday,8,0,2020,16,6,33,3,1,103.0,102.0,106.0,101.71428571428571,102.07142857142857,102.39285714285714,1.6035674514770648,1.5424399110247096,1.54774114292535,0,1
2020-08-17,101.0,Organic Milk,DailyNeeds,Monday,8,0,2020,17,0,34,3,0,99.0,102.0,101.0,101.71428571428571,102.14285714285714,102.28571428571429,1.6035674514770648,1.561909228976345,1.3839595063964696,0,1
2020-08-18,104.0,Organic Milk,DailyNeeds,Tuesday,8,0,2020,18,1,34,3,0,102.0,101.0,102.0,102.0,102.07142857142857,102.28571428571429,1.1547005383827174,1.5915297775938937,1.3839595063964696,0,1
2020-08-19,105.0,Organic Milk,DailyNeeds,Wednesday,8,0,2020,19,2,34,3,0,100.0,102.0,102.0,102.28571428571429,102.28571428571429,102.35714285714286,1.3801311186875822,1.6374732612533656,1.4198144300838214,0,1
2020-08-20,105.0,Organic Milk,DailyNeeds,Thursday,8,0,2020,20,3,34,3,0,103.0,104.0,104.0,103.0,102.5,102.46428571428571,1.2909944487388119,1.7867030229752123,1.5026431738565607,0,1
2020-08-21,102.0,Organic Milk,DailyNeeds,Friday,8,0,2020,21,4,34,3,0,103.0,105.0,102.0,103.28571428571429,102.57142857142857,102.5,1.4960264830887644,1.869359648250323,1.5515822270858255,0,1
2020-08-22,103.0,Organic Milk,DailyNeeds,Saturday,8,0,2020,22,5,34,3,1,102.0,101.0,102.0,103.14285714285714,102.35714285714286,102.5,1.5735915849413427,1.7368026705658222,1.5515822270858255,0,1
2020-10-15,105.0,Organic Milk,DailyNeeds,Thursday,10,0,2020,15,3,42,4,0,107.0,109.0,104.0,103.28571428571429,105.5,101.62142857142858,3.19970236711216,3.502746175393277,16.4595431542483,0,1
2020-10-16,102.0,Organic Milk,DailyNeeds,Friday,10,0,2020,16,4,42,4,0,107.0,110.0,104.0,103.0,105.21428571428571,101.65714285714286,2.886751345949518,3.355330350091206,16.46597903583224,0,1
2020-10-17,100.0,Organic Milk,DailyNeeds,Saturday,10,0,2020,17,5,42,4,1,100.0,108.0,101.0,102.28571428571429,104.64285714285714,101.58571428571429,2.288688541087126,3.1527068432637,16.459776207598754,0,1
2020-10-18,19.4,Organic Milk,DailyNeeds,Sunday,10,0,2020,18,6,42,4,1,99.0,104.0,101.0,102.28571428571429,104.07142857142857,101.55,2.288688541087126,3.2216643026737146,16.462178875632915,0,1
2021-04-29,107.0,Organic Milk,DailyNeeds,Thursday,4,0,2021,29,3,17,2,0,107.0,107.0,106.0,103.85714285714286,104.14285714285714,103.75,2.0354009783982705,1.9158104473901865,1.878237944931256,0,1
2021-04-30,106.0,Organic Milk,DailyNeeds,Friday,4,0,2021,30,4,17,2,0,103.0,104.0,104.0,103.85714285714286,104.14285714285714,103.78571428571429,2.0354009783982705,1.9158104473901865,1.9313618848264893,0,1
2021-05-01,102.0,Organic Milk,DailyNeeds,Saturday,5,0,2021,1,5,17,2,1,104.0,103.0,101.0,104.28571428571429,104.28571428571429,103.85714285714286,2.1380899353011102,1.977899874131056,1.9760470401191574,0,1
2021-05-02,102.0,Organic Milk,DailyNeeds,Sunday,5,0,2021,2,6,17,2,1,105.0,102.0,100.0,104.0,104.21428571428571,103.89285714285714,2.3094010767601154,2.0448272986534604,1.9310194144124355,0,1
2021-05-03,104.0,Organic Milk,DailyNeeds,Monday,5,0,2021,3,0,18,2,0,101.0,103.0,102.0,103.57142857142857,104.21428571428571,103.96428571428571,2.3704530408880142,2.0448272986534604,1.8152061990240365,0,1
2021-05-04,105.0,Organic Milk,DailyNeeds,Tuesday,5,0,2021,4,1,18,2,0,102.0,106.0,104.0,104.0,104.28571428571429,104.03571428571429,2.081665999467921,2.016416144037188,1.7739293663579503,0,1
2021-05-05,109.0,Organic Milk,DailyNeeds,Wednesday,5,0,2021,5,2,18,2,0,105.0,106.0,106.0,104.42857142857143,104.21428571428571,104.07142857142857,1.9023794624245962,1.9681530361295838,1.7832257792819985,0,1
2021-05-06,107.0,Organic Milk,DailyNeeds,Thursday,5,0,2021,6,3,18,2,0,107.0,107.0,105.0,105.0,104.42857142857143,104.17857142857143,2.581988897472973,2.310986659558877,1.982396070389532,0,1
2021-05-07,105.0,Organic Milk,DailyNeeds,Friday,5,0,2021,7,4,18,2,0,106.0,103.0,103.0,105.0,104.42857142857143,104.25,2.581988897472973,2.310986659558877,2.0480342879078224,0,1
2021-05-08,104.0,Organic Milk,DailyNeeds,Saturday,5,0,2021,8,5,18,2,1,102.0,104.0,103.0,104.85714285714286,104.57142857142857,104.32142857142857,2.544836041122801,2.277457614712723,2.037674263006244,0,1
2021-05-09,102.0,Organic Milk,DailyNeeds,Sunday,5,0,2021,9,6,18,2,1,102.0,105.0,102.0,105.14285714285714,104.57142857142857,104.35714285714286,2.2677868380569013,2.277457614712723,2.0223617604050754,0,1
2021-05-10,101.0,Organic Milk,DailyNeeds,Monday,5,0,2021,10,0,19,2,0,104.0,101.0,102.0,105.14285714285714,104.35714285714286,104.35714285714286,2.2677868380569013,2.373155732746563,2.0223617604050754,0,1
2021-05-11,104.0,Organic Milk,DailyNeeds,Tuesday,5,0,2021,11,1,19,2,0,105.0,102.0,104.0,104.71428571428571,104.35714285714286,104.32142857142857,2.751622897752475,2.373155732746563,2.073707923085165,0,1
2021-05-12,106.0,Organic Milk,DailyNeeds,Wednesday,5,0,2021,12,2,19,2,0,109.0,105.0,105.0,104.57142857142857,104.5,104.32142857142857,2.7602622373707235,2.278663575938199,2.073707923085165,0,1
2021-05-13,104.0,Organic Milk,DailyNeeds,Thursday,5,0,2021,13,3,19,2,0,107.0,107.0,107.0,104.14285714285714,104.57142857142857,104.35714285714286,2.11570094205156,2.310986659558882,2.0943360251509335,0,1
2021-05-14,104.0,Organic Milk,DailyNeeds,Friday,5,0,2021,14,4,19,2,0,105.0,106.0,104.0,103.71428571428571,104.35714285714286,104.25,1.7043362064949072,2.2051388533689,2.0298695451609765,0,1
2021-05-15,103.0,Organic Milk,DailyNeeds,Saturday,5,0,2021,15,5,19,2,1,104.0,102.0,103.0,103.57142857142857,104.21428571428571,104.25,1.6183471874277229,2.154729018428271,2.0298695451609765,0,1
2021-05-16,103.0,Organic Milk,DailyNeeds,Sunday,5,0,2021,16,6,19,2,1,102.0,102.0,102.0,103.42857142857143,104.28571428571429,104.25,1.6183471874277404,2.091321681049117,2.0298695451609765,0,1
2021-05-17,102.0,Organic Milk,DailyNeeds,Monday,5,0,2021,17,0,20,2,0,101.0,104.0,103.0,103.57142857142857,104.35714285714286,104.28571428571429,1.5118578920394226,2.0232168923292266,1.9973527453656348,0,1
2021-05-18,105.0,Organic Milk,DailyNeeds,Tuesday,5,0,2021,18,1,20,2,0,104.0,105.0,106.0,103.71428571428571,104.21428571428571,104.25,1.253566341059026,2.118728625617426,2.0298695451609765,0,1
2021-05-19,106.0,Organic Milk,DailyNeeds,Wednesday,5,0,2021,19,2,20,2,0,106.0,109.0,106.0,103.85714285714286,104.21428571428571,104.21428571428571,1.345185418271882,2.118728625617426,2.006602857183428,0,1
2021-05-20,108.0,Organic Milk,DailyNeeds,Thursday,5,0,2021,20,3,20,2,0,104.0,107.0,107.0,103.85714285714286,104.0,104.21428571428571,1.345185418271882,1.7097008285301274,2.006602857183428,0,1
2021-05-21,103.0,Organic Milk,DailyNeeds,Friday,5,0,2021,21,4,20,2,0,104.0,105.0,103.0,104.42857142857143,104.07142857142857,104.25,2.0701966780288212,1.8590438284353732,2.066039331310074,0,1
2021-05-22,106.0,Organic Milk,DailyNeeds,Saturday,5,0,2021,22,5,20,2,1,103.0,104.0,104.0,104.28571428571429,103.92857142857143,104.25,2.1380899353011102,1.8590438284353665,2.066039331310074,0,1
2021-05-23,105.0,Organic Milk,DailyNeeds,Sunday,5,0,2021,23,6,20,2,1,103.0,102.0,105.0,104.71428571428571,104.07142857142857,104.32142857142857,2.1380899353010725,1.9400351192017011,2.09149196133771,0,1
2021-05-24,103.0,Organic Milk,DailyNeeds,Monday,5,0,2021,24,0,21,2,0,102.0,101.0,101.0,105.0,104.28571428571429,104.32142857142857,2.0000000000017653,1.8575654633280585,2.09149196133771,0,1
2021-05-25,105.0,Organic Milk,DailyNeeds,Tuesday,5,0,2021,25,1,21,2,0,105.0,104.0,102.0,105.14285714285714,104.42857142857143,104.39285714285714,1.772810520857812,1.650840611711041,2.0062732304284707,0,1
2021-05-26,107.0,Organic Milk,DailyNeeds,Wednesday,5,0,2021,26,2,21,2,0,106.0,106.0,105.0,105.14285714285714,104.5,104.5,1.772810520857812,1.6525039276107645,1.9531550923611778,0,1
2021-09-23,104.0,Organic Milk,DailyNeeds,Thursday,9,0,2021,23,3,38,3,0,106.0,107.0,107.0,105.14285714285714,105.14285714285714,104.82142857142857,1.4638501094251901,1.406421692815451,1.8064405645437187,0,1
2021-09-24,106.0,Organic Milk,DailyNeeds,Friday,9,0,2021,24,4,38,3,0,106.0,106.0,105.0,104.85714285714286,104.92857142857143,104.71428571428571,1.4638501094252236,1.3280573269765494,1.7608319342091232,0,1
2021-09-25,104.0,Organic Milk,DailyNeeds,Saturday,9,0,2021,25,5,38,3,1,104.0,104.0,104.0,104.85714285714286,104.92857142857143,104.75,1.4638501094252236,1.3280573269765494,1.776909510191484,0,1
2021-09-26,103.0,Organic Milk,DailyNeeds,Sunday,9,0,2021,26,6,38,3,1,103.0,103.0,103.0,104.85714285714286,104.92857142857143,104.75,1.4638501094252236,1.3280573269765494,1.776909510191484,0,1
2021-09-27,103.0,Organic Milk,DailyNeeds,Monday,9,0,2021,27,0,39,3,0,104.0,104.0,102.0,104.85714285714286,104.92857142857143,104.75,1.4638501094252234,1.3280573269765494,1.776909510191484,0,1
2021-12-06,485.0,Organic Milk,DailyNeeds,Monday,12,0,2021,6,0,49,4,0,103.0,103.0,104.0,91.62857142857145,92.2,98.31428571428572,31.900350796698064,30.90551357332162,22.343409240935884,0,1
2021-12-07,105.0,Organic Milk,DailyNeeds,Tuesday,12,0,2021,7,1,49,4,0,103.0,107.0,105.0,146.20000000000002,119.48571428571428,111.92142857142858,152.68228449954495,109.60383806546795,76.44614350732715,0,1
2021-12-08,108.0,Organic Milk,DailyNeeds,Wednesday,12,0,2021,8,2,49,4,0,106.0,107.0,104.0,146.4857142857143,119.34285714285714,111.92142857142858,152.5898143015169,109.62266549947049,76.44614350732715,0,1
2021-12-09,110.0,Organic Milk,DailyNeeds,Thursday,12,0,2021,9,3,49,4,0,106.0,107.0,104.0,146.77142857142857,119.41428571428571,112.06428571428572,152.50322088714182,109.61432989660304,76.43452881889961,0,1
2021-12-10,107.0,Organic Milk,DailyNeeds,Friday,12,0,2021,10,4,49,4,0,103.0,19.4,106.0,147.34285714285716,119.62857142857142,112.27857142857144,152.33238720139644,109.59112420946555,76.41949216704323,0,1
2021-12-11,102.0,Organic Milk,DailyNeeds,Saturday,12,0,2021,11,5,49,4,1,19.4,104.0,105.0,147.91428571428574,125.88571428571429,112.31428571428572,152.14571336464948,105.86579935242294,76.41668285125584,0,1
2021-12-12,104.0,Organic Milk,DailyNeeds,Sunday,12,0,2021,12,6,49,4,1,101.0,102.0,105.0,159.71428571428572,125.74285714285715,112.20714285714287,143.47324290114656,105.8989483080321,76.42942001210164,0,1
2021-12-13,104.0,Organic Milk,DailyNeeds,Monday,12,0,2021,13,0,50,4,0,485.0,103.0,102.0,160.14285714285714,125.88571428571429,112.17142857142858,143.27296624675162,105.86579935242294,76.43314608274227,0,1
2021-12-14,102.0,Organic Milk,DailyNeeds,Tuesday,12,0,2021,14,1,50,4,0,105.0,103.0,103.0,105.71428571428571,125.95714285714287,112.24285714285715,2.7516228977525268,105.84950647961483,76.4242225929829,0,1
2021-12-15,107.0,Organic Milk,DailyNeeds,Wednesday,12,0,2021,15,2,50,4,0,108.0,106.0,106.0,105.28571428571429,125.88571428571429,112.20714285714287,3.093772546816631,105.86652595925362,76.4289354191995,0,1
2021-12-16,107.0,Organic Milk,DailyNeeds,Thursday,12,0,2021,16,3,50,4,0,110.0,106.0,104.0,105.14285714285714,125.95714285714287,112.24285714285715,2.9680841985246276,105.85241332437069,76.42616106568545,0,1
2021-12-17,106.0,Organic Milk,DailyNeeds,Friday,12,0,2021,17,4,50,4,0,107.0,103.0,104.0,104.71428571428571,126.02857142857144,112.35000000000001,2.2886885410870708,105.83824689352383,76.41627953373401,0,1
2021-12-18,104.0,Organic Milk,DailyNeeds,Saturday,12,0,2021,18,5,50,4,1,102.0,19.4,105.0,104.57142857142857,126.24285714285715,112.42142857142858,2.149196970744126,105.79106196276126,76.40911986067891,0,1
2021-12-19,103.0,Organic Milk,DailyNeeds,Sunday,12,0,2021,19,6,50,4,1,104.0,101.0,105.0,104.85714285714286,132.28571428571428,112.38571428571429,1.8644544714737379,101.54985783531964,76.41295078466115,0,1
2021-12-20,105.0,Organic Milk,DailyNeeds,Monday,12,0,2021,20,0,51,4,0,104.0,485.0,103.0,104.71428571428571,132.42857142857142,112.31428571428572,1.9760470401207373,101.5038569071785,76.42104477600449,0,1
2021-12-21,104.0,Organic Milk,DailyNeeds,Tuesday,12,0,2021,21,1,51,4,0,102.0,105.0,107.0,104.85714285714286,105.28571428571429,112.38571428571429,1.9518001458991,2.3346411823984483,76.41295078466115,0,1
2021-12-22,106.0,Organic Milk,DailyNeeds,Wednesday,12,0,2021,22,2,51,4,0,107.0,108.0,107.0,105.14285714285714,105.21428571428571,112.27857142857144,1.5735915849413564,2.3592231912083768,76.42288467198355,0,1
2021-12-23,106.0,Organic Milk,DailyNeeds,Thursday,12,0,2021,23,3,51,4,0,107.0,110.0,107.0,105.0,105.07142857142857,112.24285714285715,1.414213562375873,2.23483903100578,76.42567645211928,0,1
2021-12-24,106.0,Organic Milk,DailyNeeds,Friday,12,0,2021,24,4,51,4,0,106.0,107.0,19.4,104.85714285714286,104.78571428571429,112.20714285714287,1.2149857925911802,1.7619295117560574,76.42845082322482,0,1
2021-12-25,101.0,Organic Milk,DailyNeeds,Saturday,12,0,2021,25,5,51,4,1,104.0,102.0,104.0,104.85714285714286,104.71428571428571,115.3,1.2149857925911802,1.6837947722825857,74.25502601769719,0,1
2021-12-26,104.0,Organic Milk,DailyNeeds,Sunday,12,0,2021,26,6,51,4,1,103.0,104.0,102.0,104.42857142857143,104.64285714285714,115.19285714285715,1.9023794624248387,1.8232322463628015,74.27409661901937,0,1
2021-12-27,103.0,Organic Milk,DailyNeeds,Monday,12,0,2021,27,0,52,4,0,105.0,104.0,103.0,104.57142857142857,104.64285714285714,115.26428571428572,1.812653934352169,1.8232322463628015,74.26189997811655,0,1
2021-12-28,105.0,Organic Milk,DailyNeeds,Tuesday,12,0,2021,28,1,52,4,0,104.0,102.0,103.0,104.28571428571429,104.57142857142857,115.26428571428572,1.889822365048328,1.869359648250387,74.26189997811655,0,1
2020-05-12,57.0,Whole Wheat Bread,DailyNeeds,Tuesday,5,0,2020,12,1,20,2,0,59.0,57.0,54.0,57.142857142857146,56.92857142857143,62.48571428571428,1.3451854182692435,1.4917354742964413,40.66864944424694,0,2
2020-05-13,59.0,Whole Wheat Bread,DailyNeeds,Wednesday,5,0,2020,13,2,20,2,0,58.0,56.0,57.0,56.857142857142854,56.92857142857143,62.59285714285714,1.0690449676498808,1.4917354742964413,40.649412811315756,0,2
2020-05-14,56.0,Whole Wheat Bread,DailyNeeds,Thursday,5,0,2020,14,3,20,2,0,57.0,59.0,56.0,57.0,57.142857142857146,62.66428571428571,1.2909944487359564,1.5619092289759184,40.64097744418861,0,2
2020-05-15,57.0,Whole Wheat Bread,DailyNeeds,Friday,5,0,2020,15,4,20,2,0,55.0,59.0,59.0,56.857142857142854,56.92857142857143,62.66428571428571,1.3451854182692438,1.4917354742964413,40.64097744418861,0,2
2020-05-16,57.0,Whole Wheat Bread,DailyNeeds,Saturday,5,0,2020,16,5,20,2,1,58.0,55.0,10.6,57.142857142857146,56.785714285714285,62.59285714285714,1.069044967649879,1.3688047244315287,40.649412811315756,0,2
2020-05-17,59.0,Whole Wheat Bread,DailyNeeds,Sunday,5,0,2020,17,6,20,2,1,56.0,56.0,57.0,57.0,56.92857142857143,64.25,1.0000000000001943,1.2688144505363312,39.377211872030934,0,2
2020-05-18,57.0,Whole Wheat Bread,DailyNeeds,Monday,5,0,2020,18,0,21,2,0,57.0,55.0,54.0,57.42857142857143,57.142857142857146,64.32142857142857,1.1338934190278542,1.3506205330053043,39.36538578349762,0,2
2020-05-19,57.0,Whole Wheat Bread,DailyNeeds,Tuesday,5,0,2020,19,1,21,2,0,57.0,59.0,55.0,57.42857142857143,57.285714285714285,64.42857142857143,1.1338934190278542,1.20438758319287,39.340327599822736,0,2
2020-05-20,57.0,Whole Wheat Bread,DailyNeeds,Wednesday,5,0,2020,20,2,21,2,0,59.0,58.0,60.0,57.42857142857143,57.142857142857146,64.5,1.1338934190278542,1.0994504121564177,39.32438692983536,0,2
2020-05-21,57.0,Whole Wheat Bread,DailyNeeds,Thursday,5,0,2020,21,3,21,2,0,56.0,57.0,59.0,57.142857142857146,57.07142857142857,64.39285714285714,0.8997354108426521,1.071611705960398,39.341184984426114,0,2
2020-05-22,58.0,Whole Wheat Bread,DailyNeeds,Friday,5,0,2020,22,4,21,2,0,57.0,55.0,265.0,57.285714285714285,57.07142857142857,64.32142857142857,0.7559289460187125,1.071611705960398,39.353152795178104,0,2
2020-05-23,56.0,Whole Wheat Bread,DailyNeeds,Saturday,5,0,2020,23,5,21,2,1,57.0,58.0,54.0,57.42857142857143,57.285714285714285,56.92857142857143,0.7867957924696933,0.9138735334632172,1.3858697343670352,0,2
2020-05-24,57.0,Whole Wheat Bread,DailyNeeds,Sunday,5,0,2020,24,6,21,2,1,59.0,56.0,55.0,57.285714285714285,57.142857142857146,57.0,0.9511897312115463,0.9492622930984927,1.2765694770083054,0,2
2020-05-25,57.0,Whole Wheat Bread,DailyNeeds,Monday,5,0,2020,25,0,22,2,0,57.0,57.0,57.0,57.0,57.214285714285715,57.07142857142857,0.5773502691899547,0.8925823753038181,1.214985792587756,0,2
2020-05-26,60.0,Whole Wheat Bread,DailyNeeds,Tuesday,5,0,2020,26,1,22,2,0,57.0,57.0,57.0,57.0,57.214285714285715,57.07142857142857,0.5773502691899547,0.8925823753038181,1.214985792587756,0,2
2020-05-27,58.0,Whole Wheat Bread,DailyNeeds,Wednesday,5,0,2020,27,2,22,2,0,57.0,59.0,56.0,57.42857142857143,57.42857142857143,57.17857142857143,1.2724180205608575,1.1578684470435556,1.3348205990864999,0,2
2020-05-28,60.0,Whole Wheat Bread,DailyNeeds,Thursday,5,0,2020,28,3,22,2,0,57.0,56.0,59.0,57.57142857142857,57.357142857142854,57.25,1.272418020560859,1.0818177620696487,1.322875655532145,0,2
2020-05-29,57.0,Whole Wheat Bread,DailyNeeds,Friday,5,0,2020,29,4,22,2,0,58.0,57.0,59.0,58.0,57.642857142857146,57.285714285714285,1.5275252316520787,1.215739272221516,1.3839595063958747,0,2
2020-05-30,59.0,Whole Wheat Bread,DailyNeeds,Saturday,5,0,2020,30,5,22,2,1,56.0,57.0,55.0,57.857142857142854,57.642857142857146,57.214285714285715,1.573591584939014,1.215739272221516,1.3432173332087443,0,2
2020-05-31,60.0,Whole Wheat Bread,DailyNeeds,Sunday,5,0,2020,31,6,22,2,1,57.0,59.0,56.0,58.285714285714285,57.785714285714285,57.357142857142854,1.3801311186848548,1.2513728724619992,1.311326320782249,0,2
2020-06-01,56.0,Whole Wheat Bread,DailyNeeds,Monday,6,0,2020,1,0,23,2,0,57.0,57.0,55.0,58.714285714285715,57.857142857142854,57.5,1.3801311186848548,1.3506205330053134,1.3743685418723988,0,2
2020-06-02,56.0,Whole Wheat Bread,DailyNeeds,Tuesday,6,0,2020,2,1,23,2,0,60.0,57.0,59.0,58.57142857142857,57.785714285714285,57.535714285714285,1.6183471874254987,1.4238934396478748,1.31886996683432,0,2
2020-06-03,60.0,Whole Wheat Bread,DailyNeeds,Wednesday,6,0,2020,3,2,23,2,0,58.0,57.0,58.0,58.0,57.714285714285715,57.42857142857143,1.7320508075689918,1.489892687336892,1.3173646934123127,0,2
2020-06-04,59.0,Whole Wheat Bread,DailyNeeds,Thursday,6,0,2020,4,3,23,2,0,60.0,57.0,57.0,58.285714285714285,57.92857142857143,57.5,1.8898223650462422,1.5915297775934854,1.4010578014352364,0,2
2020-06-05,58.0,Whole Wheat Bread,DailyNeeds,Friday,6,0,2020,5,4,23,2,0,57.0,58.0,55.0,58.142857142857146,58.07142857142857,57.57142857142857,1.772810520855949,1.5915297775934873,1.4253932901994455,0,2
2020-06-06,58.0,Whole Wheat Bread,DailyNeeds,Saturday,6,0,2020,6,5,23,2,1,59.0,56.0,58.0,58.285714285714285,58.07142857142857,57.67857142857143,1.704336206492811,1.5915297775934873,1.334820599086481,0,2
2020-06-07,57.0,Whole Wheat Bread,DailyNeeds,Sunday,6,0,2020,7,6,23,2,1,60.0,57.0,56.0,58.142857142857146,58.214285714285715,57.67857142857143,1.676163419695171,1.4769288003551249,1.334820599086481,0,2
2020-06-08,59.0,Whole Wheat Bread,DailyNeeds,Monday,6,0,2020,8,0,24,2,0,56.0,57.0,57.0,57.714285714285715,58.214285714285715,57.714285714285715,1.4960264830863235,1.4769288003551249,1.3012000972645408,0,2
2021-02-16,57.0,Whole Wheat Bread,DailyNeeds,Tuesday,2,0,2021,16,1,7,1,0,57.0,57.0,59.0,57.857142857142854,57.785714285714285,57.57142857142857,0.6900655593426116,0.8925823753038576,1.3724423061088753,0,2
2021-02-17,61.0,Whole Wheat Bread,DailyNeeds,Wednesday,2,0,2021,17,2,7,1,0,59.0,59.0,55.0,57.857142857142854,57.785714285714285,57.5,0.6900655593426116,0.8925823753038576,1.347150628108968,0,2
2021-02-18,57.0,Whole Wheat Bread,DailyNeeds,Thursday,2,0,2021,18,3,7,1,0,58.0,58.0,60.0,58.142857142857146,57.92857142857143,57.714285714285715,1.3451854182692435,1.206666464290666,1.4104672946997163,0,2
2021-09-18,61.0,Whole Wheat Bread,DailyNeeds,Saturday,9,0,2021,18,5,37,3,1,61.0,61.0,59.0,61.0,61.0,60.892857142857146,2.160246899469417,1.7974340685458126,1.5948826896200705,0,2
2021-09-19,61.0,Whole Wheat Bread,DailyNeeds,Sunday,9,0,2021,19,6,37,3,1,58.0,60.0,62.0,61.0,61.0,60.964285714285715,2.160246899469417,1.7974340685458126,1.551155909663372,0,2
2021-09-20,57.0,Whole Wheat Bread,DailyNeeds,Monday,9,0,2021,20,0,38,3,0,60.0,61.0,59.0,61.42857142857143,61.07142857142857,60.92857142857143,1.718249385968617,1.7743595036946642,1.5378814535191965,0,2
2021-09-21,60.0,Whole Wheat Bread,DailyNeeds,Tuesday,9,0,2021,21,1,38,3,0,60.0,64.0,60.0,61.0,60.785714285714285,60.857142857142854,2.380476142847735,2.0821058655036597,1.6714217880743794,0,2
2021-09-22,61.0,Whole Wheat Bread,DailyNeeds,Wednesday,9,0,2021,22,2,38,3,0,62.0,59.0,63.0,61.0,60.5,60.857142857142854,2.380476142847735,1.8708286933869414,1.6714217880743794,0,2
2021-09-23,64.0,Whole Wheat Bread,DailyNeeds,Thursday,9,0,2021,23,3,38,3,0,61.0,61.0,62.0,60.857142857142854,60.642857142857146,60.785714285714285,2.340126166724998,1.8232322463624109,1.6183471874250566,0,2
2021-09-24,60.0,Whole Wheat Bread,DailyNeeds,Friday,9,0,2021,24,4,38,3,0,65.0,61.0,61.0,61.285714285714285,60.857142857142854,60.857142857142854,2.627691364061327,2.0326997151247017,1.715167321807964,0,2
2021-09-25,61.0,Whole Wheat Bread,DailyNeeds,Saturday,9,0,2021,25,5,38,3,1,61.0,61.0,62.0,60.57142857142857,60.785714285714285,60.82142857142857,2.070196678027195,2.0448272986535048,1.7224782195807828,0,2
2019-05-17,61.0,Free Range Eggs,FreshMart,Friday,5,0,2019,17,4,20,2,0,60.0,61.0,59.0,60.285714285714285,59.785714285714285,59.82142857142857,1.7043362064935306,1.7177163475237491,2.000991817566559,1,0
2019-05-18,60.0,Free Range Eggs,FreshMart,Saturday,5,0,2019,18,5,20,2,1,59.0,59.0,57.0,60.42857142857143,59.785714285714285,59.892857142857146,1.7182493859692798,1.7177163475237491,2.006273230428084,1,0
2019-05-19,59.0,Free Range Eggs,FreshMart,Sunday,5,0,2019,19,6,20,2,1,58.0,57.0,57.0,60.57142857142857,59.857142857142854,60.0,1.6183471874262567,1.7032612545055366,1.924500897298769,1,0
2019-07-15,59.0,Free Range Eggs,FreshMart,Monday,7,0,2019,15,0,29,3,0,58.0,62.0,59.0,62.57142857142857,61.92857142857143,61.57142857142857,3.309438162646937,2.758602927188128,2.363747361141114,1,0
2019-07-16,59.0,Free Range Eggs,FreshMart,Tuesday,7,0,2019,16,1,29,3,0,64.0,62.0,61.0,62.714285714285715,61.714285714285715,61.57142857142857,3.0937725468158717,2.8670159085329514,2.363747361141114,1,0
2019-07-17,58.0,Free Range Eggs,FreshMart,Wednesday,7,0,2019,17,2,29,3,0,63.0,61.0,62.0,62.0,61.5,61.5,3.3166247903558452,2.9547875102568786,2.4113927126900774,1,0
2019-07-18,66.0,Free Range Eggs,FreshMart,Thursday,7,0,2019,18,3,29,3,0,68.0,61.0,63.0,61.285714285714285,61.285714285714285,61.357142857142854,3.592319850008462,3.0990959333967742,2.497617912751115,1,0
2019-07-19,64.0,Free Range Eggs,FreshMart,Friday,7,0,2019,19,4,29,3,0,63.0,64.0,65.0,61.0,61.642857142857146,61.464285714285715,3.0000000000004836,3.3422043130740047,2.6314640743516096,1,0
2019-07-20,60.0,Free Range Eggs,FreshMart,Saturday,7,0,2019,20,5,29,3,1,63.0,62.0,61.0,61.142857142857146,61.642857142857146,61.42857142857143,3.132015933791959,3.3422043130740047,2.588129188895465,1,0
2019-07-21,62.0,Free Range Eggs,FreshMart,Sunday,7,0,2019,21,6,29,3,1,59.0,57.0,59.0,60.714285714285715,61.5,61.392857142857146,3.0394235042353226,3.3684052378172464,2.601129180927586,1,0
2019-07-22,57.0,Free Range Eggs,FreshMart,Monday,7,0,2019,22,0,30,3,0,59.0,58.0,59.0,61.142857142857146,61.857142857142854,61.5,2.9680841985238073,3.109715368057095,2.560381915956202,1,0
2019-07-23,65.0,Free Range Eggs,FreshMart,Tuesday,7,0,2019,23,1,30,3,0,59.0,64.0,60.0,60.857142857142854,61.785714285714285,61.42857142857143,3.28778402720232,3.2148351178817305,2.658718313169537,1,0
2019-07-24,64.0,Free Range Eggs,FreshMart,Wednesday,7,0,2019,24,2,30,3,0,58.0,63.0,63.0,61.714285714285715,61.857142857142854,61.607142857142854,3.4982989063397874,3.2783002832647212,2.7262684538650404,1,0
2019-09-10,66.0,Free Range Eggs,FreshMart,Tuesday,9,0,2019,10,1,37,3,0,61.0,60.0,69.0,61.0,60.785714285714285,63.107142857142854,1.5275252316529773,1.4238934396482097,4.3913997238228415,1,0
2019-09-11,62.0,Free Range Eggs,FreshMart,Wednesday,9,0,2019,11,2,37,3,0,61.0,62.0,74.0,61.714285714285715,61.214285714285715,63.0,2.429971585176461,1.9681530361298283,4.277417012204455,1,0
2019-09-12,59.0,Free Range Eggs,FreshMart,Thursday,9,0,2019,12,3,37,3,0,61.0,63.0,71.0,61.857142857142854,61.214285714285715,62.57142857142857,2.4102953780661194,1.9681530361298283,3.69612982204027,1,0
2019-09-13,61.0,Free Range Eggs,FreshMart,Friday,9,0,2019,13,4,37,3,0,64.0,60.0,69.0,61.57142857142857,60.92857142857143,62.142857142857146,2.6367367999829,1.9792883614024266,3.363356851743372,1,0
2019-09-14,62.0,Free Range Eggs,FreshMart,Saturday,9,0,2019,14,5,37,3,1,59.0,60.0,69.0,61.142857142857146,61.0,61.857142857142854,2.410295378066131,1.9611613513820152,3.0877810049275363,1,0
2019-09-15,62.0,Free Range Eggs,FreshMart,Sunday,9,0,2019,15,6,37,3,1,61.0,59.0,69.0,61.57142857142857,61.142857142857146,61.607142857142854,2.225394561057447,1.955550005542306,2.7533048924315664,1,0
2019-09-16,62.0,Free Range Eggs,FreshMart,Monday,9,0,2019,16,0,38,3,0,60.0,60.0,69.0,61.714285714285715,61.357142857142854,61.357142857142854,2.214669705568983,1.8649455697211845,2.344643789012366,1,0
2019-09-17,62.0,Free Range Eggs,FreshMart,Tuesday,9,0,2019,17,1,38,3,0,66.0,61.0,59.0,62.0,61.5,61.107142857142854,2.0816659994668716,1.8292495308608243,1.8122890316920475,1,0
2019-10-17,63.0,Free Range Eggs,FreshMart,Thursday,10,0,2019,17,3,42,4,0,61.0,63.0,60.0,59.714285714285715,60.142857142857146,60.392857142857146,3.302235894778744,2.797172827012395,2.1999879749550626,1,0
2020-02-24,68.0,Free Range Eggs,FreshMart,Monday,2,0,2020,24,0,9,1,0,68.0,58.0,53.0,68.85714285714286,66.78571428571429,62.42857142857143,2.968084198523605,3.964817804109242,5.698788509515859,1,0
2020-02-25,65.0,Free Range Eggs,FreshMart,Tuesday,2,0,2020,25,1,9,1,0,72.0,61.0,55.0,68.85714285714286,67.5,62.964285714285715,2.968084198523605,3.057147992190648,5.480484858633745,1,0
2020-02-26,62.0,Free Range Eggs,FreshMart,Wednesday,2,0,2020,26,2,9,1,0,69.0,67.0,61.0,67.85714285714286,67.78571428571429,63.32142857142857,2.9113897843113383,2.547353722790078,5.263807743228411,1,0
2020-02-27,64.0,Free Range Eggs,FreshMart,Thursday,2,0,2020,27,3,9,1,0,68.0,67.0,62.0,66.85714285714286,67.42857142857143,63.357142857142854,3.5790395093552676,2.979785374674215,5.2508502712825464,1,0
2020-02-28,60.0,Free Range Eggs,FreshMart,Friday,2,0,2020,28,4,9,1,0,73.0,68.0,59.0,66.28571428571429,67.21428571428571,63.42857142857143,3.6839419880653512,3.117656206155786,5.245305283129565,1,0
2020-04-14,62.0,Free Range Eggs,FreshMart,Tuesday,4,0,2020,14,1,16,2,0,58.0,59.0,61.0,59.857142857142854,60.0,60.607142857142854,1.573591584940096,1.6172150801257312,2.0609110842911433,1,0
2020-04-15,63.0,Free Range Eggs,FreshMart,Wednesday,4,0,2020,15,2,16,2,0,61.0,63.0,66.0,60.42857142857143,60.214285714285715,60.642857142857146,1.511857892038129,1.6723346844171967,2.0765763439298124,1,0
2020-04-16,64.0,Free Range Eggs,FreshMart,Thursday,4,0,2020,16,3,16,2,0,60.0,59.0,62.0,60.714285714285715,60.214285714285715,60.535714285714285,1.7994708216858837,1.6723346844171967,1.8555650603310299,1,0
2020-04-17,64.0,Free Range Eggs,FreshMart,Friday,4,0,2020,17,4,16,2,0,62.0,62.0,62.0,61.285714285714285,60.57142857142857,60.607142857142854,2.138089935300217,1.9100658753962212,1.950105138937296,1,0
2020-04-18,64.0,Free Range Eggs,FreshMart,Saturday,4,0,2020,18,5,16,2,1,59.0,60.0,58.0,61.57142857142857,60.714285714285715,60.67857142857143,2.370453040887138,2.0913216810495374,2.0376742630057416,1,0
2020-04-19,62.0,Free Range Eggs,FreshMart,Sunday,4,0,2020,19,6,16,2,1,61.0,58.0,57.0,62.285714285714285,61.0,60.892857142857146,2.2146697055690323,2.253202848596766,2.0609110842911362,1,0
2020-04-20,57.0,Free Range Eggs,FreshMart,Monday,4,0,2020,20,0,17,2,0,58.0,60.0,62.0,62.42857142857143,61.285714285714285,61.07142857142857,2.1491969707430054,2.091321681049544,1.9231257625054712,1,0
2020-04-21,63.0,Free Range Eggs,FreshMart,Tuesday,4,0,2020,21,1,17,2,0,62.0,58.0,60.0,62.285714285714285,61.07142857142857,60.892857142857146,2.4976179127517812,2.3685206585317373,2.0609110842911362,1,0
2020-04-22,61.0,Free Range Eggs,FreshMart,Wednesday,4,0,2020,22,2,17,2,0,63.0,61.0,63.0,62.42857142857143,61.42857142857143,61.0,2.507132682112692,2.243427518991544,2.0905430802473144,1,0
2020-04-23,64.0,Free Range Eggs,FreshMart,Thursday,4,0,2020,23,3,17,2,0,64.0,60.0,64.0,62.142857142857146,61.42857142857143,60.92857142857143,2.5448360411220667,2.243427518991544,2.0535167924637925,1,0
2020-04-24,61.0,Free Range Eggs,FreshMart,Friday,4,0,2020,24,4,17,2,0,64.0,62.0,60.0,62.142857142857146,61.714285714285715,60.92857142857143,2.5448360411220667,2.3014567770663934,2.0535167924637925,1,0
2020-04-25,63.0,Free Range Eggs,FreshMart,Saturday,4,0,2020,25,5,17,2,1,64.0,59.0,62.0,61.714285714285715,61.642857142857146,60.964285714285715,2.4299715851765336,2.3074175660632723,2.0454492009976675,1,0
2020-04-26,61.0,Free Range Eggs,FreshMart,Sunday,4,0,2020,26,6,17,2,1,62.0,61.0,60.0,61.57142857142857,61.92857142857143,61.0,2.2990681342051977,2.200149845047124,2.0727509006862967,1,0
2020-07-28,65.0,Free Range Eggs,FreshMart,Tuesday,7,0,2020,28,1,31,3,0,62.0,11.8,67.0,63.42857142857143,59.91428571428572,61.52857142857143,1.9023794624231094,14.000376761021446,10.020011722579701,1,0
2020-09-18,61.0,Free Range Eggs,FreshMart,Friday,9,0,2020,18,4,38,3,0,68.0,61.0,65.0,64.0,62.92857142857143,63.107142857142854,2.380476142847939,2.3026501693044703,2.393498689959033,1,0
2020-09-19,60.0,Free Range Eggs,FreshMart,Saturday,9,0,2020,19,5,38,3,1,60.0,60.0,65.0,63.0,62.92857142857143,62.964285714285715,1.8257418583510108,2.3026501693044703,2.395708243801324,1,0
2020-09-20,58.0,Free Range Eggs,FreshMart,Sunday,9,0,2020,20,6,38,3,1,64.0,60.0,59.0,63.0,62.92857142857143,62.785714285714285,1.8257418583510108,2.3026501693044703,2.4245219896520886,1,0
2020-09-21,60.0,Free Range Eggs,FreshMart,Monday,9,0,2020,21,0,39,3,0,64.0,63.0,60.0,62.142857142857146,62.785714285714285,62.75,2.5448360411217577,2.5473537227898073,2.488864087177942,1,0
2020-09-22,60.0,Free Range Eggs,FreshMart,Tuesday,9,0,2020,22,1,39,3,0,64.0,64.0,65.0,61.57142857142857,62.57142857142857,62.75,2.507132682112406,2.6519741765272027,2.488864087177942,1,0
2020-09-23,67.0,Free Range Eggs,FreshMart,Wednesday,9,0,2020,23,2,39,3,0,65.0,64.0,66.0,61.0,62.285714285714285,62.57142857142857,2.3094010767589213,2.7012410660108435,2.5007935248572424,1,0
2020-09-24,69.0,Free Range Eggs,FreshMart,Thursday,9,0,2020,24,3,39,3,0,63.0,61.0,64.0,61.285714285714285,62.5,62.607142857142854,2.9277002188459242,2.954787510256758,2.5580560575660667,1,0
2020-09-25,58.0,Free Range Eggs,FreshMart,Friday,9,0,2020,25,4,39,3,0,61.0,68.0,62.0,62.142857142857146,63.07142857142857,62.785714285714285,4.140393356054343,3.3846778216019406,2.8199966227604953,1,0
2020-09-26,58.0,Free Range Eggs,FreshMart,Saturday,9,0,2020,26,5,39,3,1,60.0,60.0,63.0,61.714285714285715,62.357142857142854,62.642857142857146,4.423960733486501,3.3191088437235106,2.959157609289071,1,0
2020-11-18,62.0,Free Range Eggs,FreshMart,Wednesday,11,0,2020,18,2,47,4,0,63.0,64.0,66.0,59.714285714285715,77.14285714285714,69.10714285714286,2.1380899352994964,62.73492113384959,44.34990440986341,1,0
2020-11-19,60.0,Free Range Eggs,FreshMart,Thursday,11,0,2020,19,3,47,4,0,58.0,63.0,65.0,59.57142857142857,77.0,68.96428571428571,1.9023794624228014,62.769419305900854,44.366722717100544,1,0
2020-11-20,62.0,Free Range Eggs,FreshMart,Friday,11,0,2020,20,4,47,4,0,60.0,295.0,62.0,59.857142857142854,76.78571428571429,68.78571428571429,1.7728105208559568,62.825985034891374,44.39332377472086,1,0
2020-11-21,62.0,Free Range Eggs,FreshMart,Saturday,11,0,2020,21,5,47,4,1,59.0,60.0,59.0,60.142857142857146,60.142857142857146,68.78571428571429,1.9518001458971699,1.657483860329151,44.39332377472086,1,0
2020-11-22,61.0,Free Range Eggs,FreshMart,Sunday,11,0,2020,22,6,47,4,1,57.0,60.0,61.0,60.57142857142857,60.285714285714285,68.89285714285714,1.9880595947761033,1.7288756430148071,44.3724466438805,1,0
2020-11-23,60.0,Free Range Eggs,FreshMart,Monday,11,0,2020,23,0,48,4,0,59.0,60.0,59.0,61.142857142857146,60.357142857142854,68.89285714285714,1.214985792588046,1.7368026705651936,44.3724466438805,1,0
2021-06-16,68.0,Free Range Eggs,FreshMart,Wednesday,6,0,2021,16,2,24,2,0,69.0,65.0,62.0,65.57142857142857,66.07142857142857,65.28571428571429,2.8199966227604873,2.7305757554118366,2.8002267481883845,1,0
2021-06-17,70.0,Free Range Eggs,FreshMart,Thursday,6,0,2021,17,3,24,2,0,68.0,70.0,66.0,65.42857142857143,66.28571428571429,65.5,2.6367367999822324,2.7576068618268614,2.7688746209726705,1,0
2021-06-18,66.0,Free Range Eggs,FreshMart,Friday,6,0,2021,18,4,24,2,0,67.0,70.0,63.0,65.71428571428571,66.28571428571429,65.64285714285714,3.0394235042347817,2.7576068618268614,2.8959011354401056,1,0
2021-06-19,64.0,Free Range Eggs,FreshMart,Saturday,6,0,2021,19,5,24,2,1,67.0,67.0,62.0,65.57142857142857,66.0,65.75,2.992052966172315,2.5419556372087646,2.8496263562737996,1,0
2021-06-20,62.0,Free Range Eggs,FreshMart,Sunday,6,0,2021,20,6,24,2,1,63.0,64.0,62.0,65.14285714285714,65.78571428571429,65.82142857142857,2.968084198523245,2.577374078952466,2.7762694317504364,1,0
2021-11-15,61.0,Free Range Eggs,FreshMart,Monday,11,0,2021,15,0,46,4,0,61.0,59.0,60.0,63.285714285714285,63.0,63.142857142857146,1.4960264830859804,1.921537845660668,1.9947019774481545,1,0
2021-11-16,64.0,Free Range Eggs,FreshMart,Tuesday,11,0,2021,16,1,46,4,0,63.0,63.0,61.0,63.285714285714285,63.142857142857146,63.17857142857143,1.4960264830859804,1.657483860329059,1.9446711885934946,1,0
2021-11-17,64.0,Free Range Eggs,FreshMart,Wednesday,11,0,2021,17,2,46,4,0,63.0,66.0,63.0,63.42857142857143,63.214285714285715,63.285714285714285,1.511857892036706,1.6723346844163345,1.9023794624225827,1,0
2021-11-18,63.0,Free Range Eggs,FreshMart,Thursday,11,0,2021,18,3,46,4,0,62.0,63.0,64.0,63.57142857142857,63.07142857142857,63.32142857142857,1.5118578920367118,1.4917354742960582,1.906199854054528,1,0
2019-11-20,94.0,Organic Milk,FreshMart,Wednesday,11,0,2019,20,2,47,4,0,95.0,95.0,97.0,93.0,93.14285714285714,93.53571428571429,2.0000000000011653,2.0326997151257853,2.219144694381417,1,1
2019-11-21,94.0,Organic Milk,FreshMart,Thursday,11,0,2019,21,3,47,4,0,95.0,95.0,96.0,92.85714285714286,93.07142857142857,93.42857142857143,1.8644544714728604,1.9792883614033492,2.115700942049343,1,1
2019-11-22,94.0,Organic Milk,FreshMart,Friday,11,0,2019,22,4,47,4,0,94.0,96.0,96.0,92.71428571428571,93.0,93.35714285714286,1.7043362064940641,1.9215378456621792,2.0586634591630624,1,1
2019-11-23,92.0,Organic Milk,FreshMart,Saturday,11,0,2019,23,5,47,4,1,92.0,91.0,93.0,92.71428571428571,92.85714285714286,93.28571428571429,1.7043362064940641,1.7478401113801718,1.9973527453647153,1,1
2019-11-24,94.0,Organic Milk,FreshMart,Sunday,11,0,2019,24,6,47,4,1,90.0,91.0,93.0,92.71428571428571,92.92857142857143,93.25,1.7043362064940641,1.6854255666340532,2.011540776691904,1,1
2019-11-25,91.0,Organic Milk,FreshMart,Monday,11,0,2019,25,0,48,4,0,91.0,91.0,91.0,93.28571428571429,93.14285714285714,93.28571428571429,1.253566341057871,1.6104057232296822,2.0158105227153764,1,1
2019-11-26,94.0,Organic Milk,FreshMart,Tuesday,11,0,2019,26,1,48,4,0,94.0,94.0,96.0,93.28571428571429,93.14285714285714,93.28571428571429,1.253566341057871,1.6104057232296822,2.0158105227153764,1,1
2019-11-27,96.0,Organic Milk,FreshMart,Wednesday,11,0,2019,27,2,48,4,0,94.0,95.0,95.0,93.28571428571429,93.14285714285714,93.21428571428571,1.253566341057871,1.6104057232296822,1.9504442581706272,1,1
2019-11-28,93.0,Organic Milk,FreshMart,Thursday,11,0,2019,28,3,48,4,0,94.0,95.0,95.0,93.57142857142857,93.21428571428571,93.25,1.6183471874268074,1.7177163475247461,1.9930434571830573,1,1
2019-11-29,95.0,Organic Milk,FreshMart,Friday,11,0,2019,29,4,48,4,0,94.0,94.0,96.0,93.42857142857143,93.07142857142857,93.17857142857143,1.6183471874268087,1.6391501416336236,1.9636242272436097,1,1
2020-01-07,91.0,Organic Milk,FreshMart,Tuesday,1,0,2020,7,1,2,1,0,93.0,92.0,91.0,92.71428571428571,93.0,92.64285714285714,2.0586634591646966,1.8397324220167939,1.8898223650455708,1,1
2020-01-08,96.0,Organic Milk,FreshMart,Wednesday,1,0,2020,8,2,2,1,0,95.0,94.0,94.0,92.42857142857143,92.92857142857143,92.64285714285714,2.1491969707433545,1.899971081331115,1.8898223650455708,1,1
2020-01-09,95.0,Organic Milk,FreshMart,Thursday,1,0,2020,9,3,2,1,0,95.0,96.0,94.0,92.57142857142857,93.07142857142857,92.71428571428571,2.3704530408874094,2.0555473055318134,1.9787227990150076,1,1
2020-01-10,94.0,Organic Milk,FreshMart,Friday,1,0,2020,10,4,2,1,0,93.0,95.0,93.0,92.57142857142857,93.0,92.75,2.3704530408874094,1.9611613513829609,2.01154077669188,1,1
2020-01-11,93.0,Organic Milk,FreshMart,Saturday,1,0,2020,11,5,2,1,1,92.0,92.0,92.0,92.71428571428571,92.92857142857143,92.78571428571429,2.429971585176792,1.899971081331115,2.0249763209793294,1,1
2020-12-31,96.0,Organic Milk,FreshMart,Thursday,12,0,2020,31,3,53,4,0,97.0,96.0,96.0,95.0,94.85714285714286,95.28571428571429,2.1602468994701245,1.9158104473917215,1.902379462422285,1,1
2021-01-01,95.0,Organic Milk,FreshMart,Friday,1,0,2021,1,4,53,1,0,94.0,95.0,98.0,94.85714285714286,94.85714285714286,95.28571428571429,2.035400978397336,1.9158104473917215,1.902379462422285,1,1
2021-01-02,94.0,Organic Milk,FreshMart,Saturday,1,0,2021,2,5,53,1,1,93.0,96.0,95.0,95.0,94.85714285714286,95.17857142857143,2.000000000000904,1.9158104473917215,1.8268282862108371,1,1
2021-01-03,92.0,Organic Milk,FreshMart,Sunday,1,0,2021,3,6,53,1,1,92.0,92.0,96.0,95.14285714285714,94.71428571428571,95.14285714285714,1.8644544714725593,1.8985245861987785,1.8401748249125158,1,1
2021-01-04,97.0,Organic Milk,FreshMart,Monday,1,0,2021,4,0,1,1,0,95.0,93.0,95.0,95.14285714285714,94.71428571428571,95.0,1.8644544714725593,1.8985245861987785,1.924500897298327,1,1
2021-01-05,92.0,Organic Milk,FreshMart,Tuesday,1,0,2021,5,1,1,1,0,96.0,94.0,95.0,95.42857142857143,95.0,95.07142857142857,1.9880595947768656,1.9215378456624908,1.9612651137873327,1,1
2021-01-06,98.0,Organic Milk,FreshMart,Wednesday,1,0,2021,6,2,1,1,0,98.0,97.0,99.0,94.85714285714286,94.85714285714286,94.96428571428571,2.3401261667256676,2.070196678028415,2.0454492009973704,1,1
2021-01-07,95.0,Organic Milk,FreshMart,Thursday,1,0,2021,7,3,1,1,0,96.0,97.0,97.0,94.85714285714286,94.92857142857143,94.92857142857143,2.3401261667256676,2.1649048909406536,1.980059322503559,1,1
2019-08-19,54.0,Whole Wheat Bread,FreshMart,Monday,8,0,2019,19,0,34,3,0,54.0,54.0,53.0,54.42857142857143,54.357142857142854,54.607142857142854,1.8126539343498924,1.5984195491000273,1.8527114407104857,1,2
2019-08-20,55.0,Whole Wheat Bread,FreshMart,Tuesday,8,0,2019,20,1,34,3,0,54.0,54.0,55.0,54.42857142857143,54.357142857142854,54.642857142857146,1.8126539343498924,1.5984195491000273,1.8300837000547785,1,2
2019-08-21,56.0,Whole Wheat Bread,FreshMart,Wednesday,8,0,2019,21,2,34,3,0,58.0,56.0,57.0,54.57142857142857,54.42857142857143,54.642857142857146,1.8126539343498906,1.6035674514745735,1.8300837000547785,1,2
2019-08-22,57.0,Whole Wheat Bread,FreshMart,Thursday,8,0,2019,22,3,34,3,0,54.0,56.0,58.0,54.285714285714285,54.42857142857143,54.607142857142854,1.2535663410559632,1.6035674514745735,1.7917358790617832,1,2
2021-06-09,58.0,Whole Wheat Bread,FreshMart,Wednesday,6,0,2021,9,2,23,2,0,58.0,60.0,58.0,57.42857142857143,57.714285714285715,57.464285714285715,1.2724180205621631,1.4898926873368894,1.9716911871702822,1,2
2021-06-10,61.0,Whole Wheat Bread,FreshMart,Thursday,6,0,2021,10,3,23,2,0,60.0,60.0,62.0,57.42857142857143,57.57142857142857,57.464285714285715,1.2724180205621631,1.3424596091493854,1.9716911871702822,1,2
2021-06-11,58.0,Whole Wheat Bread,FreshMart,Friday,6,0,2021,11,4,23,2,0,57.0,59.0,57.0,57.57142857142857,57.642857142857146,57.42857142857143,1.618347187426526,1.4990839693801234,1.8940173144141004,1,2
2021-06-12,57.0,Whole Wheat Bread,FreshMart,Saturday,6,0,2021,12,5,23,2,1,57.0,58.0,54.0,57.714285714285715,57.57142857142857,57.464285714285715,1.603567451475713,1.452546078405029,1.8950646008167271,1,2
2021-06-13,55.0,Whole Wheat Bread,FreshMart,Sunday,6,0,2021,13,6,23,2,1,57.0,56.0,55.0,57.714285714285715,57.5,57.57142857142857,1.603567451475713,1.4544361847067522,1.7728105208555085,1,2
2021-06-14,56.0,Whole Wheat Bread,FreshMart,Monday,6,0,2021,14,0,24,2,0,56.0,57.0,56.0,57.42857142857143,57.42857142857143,57.57142857142857,1.9023794624236599,1.5548576840283916,1.7728105208555085,1,2
2021-06-15,59.0,Whole Wheat Bread,FreshMart,Tuesday,6,0,2021,15,1,24,2,0,57.0,56.0,58.0,57.42857142857143,57.357142857142854,57.57142857142857,1.9023794624236599,1.5984195490999127,1.7728105208555085,1,2
2021-06-16,59.0,Whole Wheat Bread,FreshMart,Wednesday,6,0,2021,16,2,24,2,0,58.0,58.0,58.0,57.714285714285715,57.57142857142857,57.607142857142854,1.9760470401196546,1.6035674514744591,1.7917358790615048,1,2
2021-06-17,58.0,Whole Wheat Bread,FreshMart,Thursday,6,0,2021,17,3,24,2,0,61.0,60.0,60.0,57.857142857142854,57.642857142857146,57.642857142857146,2.0354009783973526,1.6458405781821435,1.8097326529438331,1,2
2021-06-18,60.0,Whole Wheat Bread,FreshMart,Friday,6,0,2021,18,4,24,2,0,58.0,57.0,60.0,57.42857142857143,57.5,57.57142857142857,1.5118578920381365,1.5063966175049939,1.7517942427071467,1,2
2021-06-19,57.0,Whole Wheat Bread,FreshMart,Saturday,6,0,2021,19,5,24,2,1,57.0,57.0,56.0,57.714285714285715,57.714285714285715,57.57142857142857,1.799470821685915,1.637473261252961,1.7517942427071467,1,2
2021-06-20,56.0,Whole Wheat Bread,FreshMart,Sunday,6,0,2021,20,6,24,2,1,55.0,57.0,55.0,57.714285714285715,57.714285714285715,57.607142857142854,1.799470821685915,1.637473261252961,1.728610782707918,1,2
2021-06-21,56.0,Whole Wheat Bread,FreshMart,Monday,6,0,2021,21,0,25,2,0,56.0,56.0,54.0,57.857142857142854,57.642857142857146,57.642857142857146,1.5735915849400806,1.69193302545848,1.6824648081569729,1,2
2021-06-22,58.0,Whole Wheat Bread,FreshMart,Tuesday,6,0,2021,22,1,25,2,0,59.0,57.0,58.0,57.857142857142854,57.642857142857146,57.714285714285715,1.5735915849400806,1.69193302545848,1.5600841111495543,1,2
2021-06-23,60.0,Whole Wheat Bread,FreshMart,Wednesday,6,0,2021,23,2,25,2,0,59.0,58.0,60.0,57.714285714285715,57.714285714285715,57.714285714285715,1.4960264830874417,1.6837947722821096,1.5600841111495543,1,2
2021-06-24,61.0,Whole Wheat Bread,FreshMart,Thursday,6,0,2021,24,3,25,2,0,58.0,61.0,60.0,57.857142857142854,57.857142857142854,57.714285714285715,1.676163419696172,1.791309914222255,1.5600841111495543,1,2
2021-07-30,59.0,Whole Wheat Bread,FreshMart,Friday,7,0,2021,30,4,30,3,0,57.0,59.0,59.0,57.285714285714285,57.642857142857146,57.892857142857146,2.2146697055691154,2.0608863984345325,1.7070504280834982,1,2
2021-07-31,57.0,Whole Wheat Bread,FreshMart,Saturday,7,0,2021,31,5,30,3,1,59.0,55.0,58.0,57.57142857142857,57.642857142857146,57.892857142857146,2.2990681342052506,2.0608863984345325,1.7070504280834982,1,2
2021-08-01,55.0,Whole Wheat Bread,FreshMart,Sunday,8,0,2021,1,6,30,3,1,54.0,56.0,56.0,57.285714285714285,57.785714285714285,57.857142857142854,2.2146697055691154,1.9286731759891154,1.7151673218079408,1,2
2021-08-02,55.0,Whole Wheat Bread,FreshMart,Monday,8,0,2021,2,0,31,3,0,57.0,57.0,58.0,57.42857142857143,57.714285714285715,57.82142857142857,1.9880595947769415,2.0164161440371835,1.7649587431660378,1,2
2021-08-03,59.0,Whole Wheat Bread,FreshMart,Tuesday,8,0,2021,3,1,31,3,0,55.0,60.0,59.0,57.142857142857146,57.57142857142857,57.714285714285715,2.1930626551759698,2.138089935299327,1.8430478552724152,1,2
2021-08-04,60.0,Whole Wheat Bread,FreshMart,Wednesday,8,0,2021,4,2,31,3,0,59.0,60.0,59.0,57.714285714285715,57.5,57.714285714285715,2.058663459164461,2.0662116951635117,1.8430478552724152,1,2
2021-08-05,59.0,Whole Wheat Bread,FreshMart,Thursday,8,0,2021,5,3,31,3,0,60.0,59.0,61.0,57.857142857142854,57.5,57.75,2.193062655175993,2.0662116951635117,1.8782379449304705,1,2
2021-08-06,59.0,Whole Wheat Bread,FreshMart,Friday,8,0,2021,6,4,31,3,0,59.0,57.0,58.0,57.714285714285715,57.5,57.67857142857143,2.058663459164461,2.0662116951635117,1.7858201026845575,1,2
2021-08-07,56.0,Whole Wheat Bread,FreshMart,Saturday,8,0,2021,7,5,31,3,1,57.0,59.0,58.0,57.714285714285715,57.642857142857146,57.714285714285715,2.058663459164461,2.0978796202591354,1.8024087351863618,1,2
2021-08-08,57.0,Whole Wheat Bread,FreshMart,Sunday,8,0,2021,8,6,31,3,1,55.0,54.0,56.0,57.57142857142857,57.42857142857143,57.642857142857146,2.149196970743106,2.1018045621755883,1.8300837000545047,1,2
2021-08-09,57.0,Whole Wheat Bread,FreshMart,Monday,8,0,2021,9,0,32,3,0,55.0,57.0,57.0,57.857142857142854,57.642857142857146,57.67857142857143,1.8644544714726194,1.8649455697209212,1.8064405645429793,1,2
2021-08-10,57.0,Whole Wheat Bread,FreshMart,Tuesday,8,0,2021,10,1,32,3,0,59.0,55.0,58.0,58.142857142857146,57.642857142857146,57.67857142857143,1.4638501094241019,1.8649455697209212,1.8064405645429793,1,2
2021-08-11,59.0,Whole Wheat Bread,FreshMart,Wednesday,8,0,2021,11,2,32,3,0,60.0,59.0,59.0,57.857142857142854,57.785714285714285,57.642857142857146,1.4638501094240866,1.7177163475234127,1.80973265294383,1,2
2021-08-12,61.0,Whole Wheat Bread,FreshMart,Thursday,8,0,2021,12,3,32,3,0,59.0,60.0,58.0,57.714285714285715,57.785714285714285,57.642857142857146,1.2535663410575113,1.7177163475234127,1.80973265294383,1,2
2021-08-13,58.0,Whole Wheat Bread,FreshMart,Friday,8,0,2021,13,4,32,3,0,59.0,59.0,59.0,58.0,57.857142857142854,57.75,1.7320508075699725,1.8337495365063057,1.9172704363038577,1,2
2021-08-14,59.0,Whole Wheat Bread,FreshMart,Saturday,8,0,2021,14,5,32,3,1,56.0,57.0,55.0,57.857142857142854,57.785714285714285,57.714285714285715,1.676163419696176,1.8050600428355512,1.9023794624223822,1,2
2021-08-15,57.0,Whole Wheat Bread,FreshMart,Sunday,8,0,2021,15,6,32,3,1,57.0,55.0,56.0,58.285714285714285,57.92857142857143,57.857142857142854,1.496026483087476,1.817195036917484,1.8401748249126408,1,2
2021-08-16,56.0,Whole Wheat Bread,FreshMart,Monday,8,0,2021,16,0,33,3,0,57.0,55.0,57.0,58.285714285714285,58.07142857142857,57.892857142857146,1.496026483087476,1.6391501416322214,1.8122890316918063,1,2
2021-08-17,59.0,Whole Wheat Bread,FreshMart,Tuesday,8,0,2021,17,1,33,3,0,57.0,59.0,60.0,58.142857142857146,58.142857142857146,57.857142857142854,1.6761634196961905,1.5118578920368262,1.8401748249126408,1,2
2021-08-18,61.0,Whole Wheat Bread,FreshMart,Wednesday,8,0,2021,18,2,33,3,0,59.0,60.0,60.0,58.42857142857143,58.142857142857146,57.82142857142857,1.6183471874265696,1.5118578920368262,1.8064405645429877,1,2
2021-08-19,58.0,Whole Wheat Bread,FreshMart,Thursday,8,0,2021,19,3,33,3,0,61.0,59.0,59.0,58.714285714285715,58.214285714285715,57.857142857142854,1.8898223650471737,1.6256866681057875,1.860192855678234,1,2
2021-08-20,59.0,Whole Wheat Bread,FreshMart,Friday,8,0,2021,20,4,33,3,0,58.0,59.0,57.0,58.285714285714285,58.142857142857146,57.82142857142857,1.603567451475745,1.6104057232282627,1.8469909749033795,1,2
2021-11-17,58.0,Whole Wheat Bread,FreshMart,Wednesday,11,0,2021,17,2,46,4,0,56.0,60.0,58.0,56.142857142857146,56.357142857142854,55.09285714285714,1.7728105208569138,1.9848325973643732,8.927939025222654,1,2
2021-12-17,57.0,Whole Wheat Bread,FreshMart,Friday,12,0,2021,17,4,50,4,0,58.0,56.0,57.0,56.714285714285715,56.42857142857143,56.32142857142857,1.9760470401196801,1.5045717874983695,1.7649587431659857,1,2
2021-12-18,54.0,Whole Wheat Bread,FreshMart,Saturday,12,0,2021,18,5,50,4,1,58.0,55.0,55.0,56.57142857142857,56.5,56.32142857142857,1.9023794624236925,1.5063966175050136,1.7649587431659857,1,2
2021-12-19,54.0,Whole Wheat Bread,FreshMart,Sunday,12,0,2021,19,6,50,4,1,54.0,56.0,55.0,56.0,56.42857142857143,56.285714285714285,2.000000000000954,1.6035674514744762,1.802408735186315,1,2
2021-12-20,55.0,Whole Wheat Bread,FreshMart,Monday,12,0,2021,20,0,51,4,0,55.0,55.0,55.0,56.0,56.285714285714285,56.25,2.000000000000954,1.7288756430150665,1.83837690086345,1,2
2021-12-21,58.0,Whole Wheat Bread,FreshMart,Tuesday,12,0,2021,21,1,51,4,0,55.0,57.0,57.0,56.0,56.285714285714285,56.25,2.000000000000954,1.7288756430150665,1.83837690086345,1,2
2021-12-22,57.0,Whole Wheat Bread,FreshMart,Wednesday,12,0,2021,22,2,51,4,0,59.0,57.0,57.0,56.42857142857143,56.357142857142854,56.285714285714285,2.0701966780279877,1.7805419597216583,1.863035016015038,1,2
2021-12-23,59.0,Whole Wheat Bread,FreshMart,Thursday,12,0,2021,23,3,51,4,0,58.0,57.0,59.0,56.142857142857146,56.357142857142854,56.285714285714285,1.7728105208569147,1.7805419597216583,1.863035016015038,1,2
2021-12-24,57.0,Whole Wheat Bread,FreshMart,Friday,12,0,2021,24,4,51,4,0,57.0,58.0,56.0,56.285714285714285,56.5,56.285714285714285,1.9760470401196752,1.9115036368905842,1.863035016015038,1,2
2021-12-25,55.0,Whole Wheat Bread,FreshMart,Saturday,12,0,2021,25,5,51,4,1,54.0,58.0,57.0,56.285714285714285,56.42857142857143,56.32142857142857,1.9760470401196752,1.8693596482499748,1.866935921623564,1,2
2021-12-26,54.0,Whole Wheat Bread,FreshMart,Sunday,12,0,2021,26,6,51,4,1,54.0,54.0,52.0,56.42857142857143,56.214285714285715,56.25,1.8126539343509873,1.8471837786445833,1.8782379449304212,1,2
2021-12-27,53.0,Whole Wheat Bread,FreshMart,Monday,12,0,2021,27,0,52,4,0,55.0,55.0,54.0,56.42857142857143,56.214285714285715,56.32142857142857,1.8126539343509873,1.8471837786445833,1.743847840553751,1,2
2021-12-28,55.0,Whole Wheat Bread,FreshMart,Tuesday,12,0,2021,28,1,52,4,0,58.0,55.0,55.0,56.142857142857146,56.07142857142857,56.285714285714285,2.1930626551760053,2.0177781274035893,1.8024087351863145,1,2
2019-09-14,73.0,Free Range Eggs,GreenBasket,Saturday,9,0,2019,14,5,37,3,1,72.0,76.0,72.0,72.85714285714286,73.07142857142857,73.0,2.544836041121409,2.200149845046833,1.9813949444585588,2,0
2019-09-15,70.0,Free Range Eggs,GreenBasket,Sunday,9,0,2019,15,6,37,3,1,73.0,72.0,73.0,73.0,72.85714285714286,73.03571428571429,2.5166114784235867,2.0326997151247843,1.9716911871705836,2,0
2019-09-16,71.0,Free Range Eggs,GreenBasket,Monday,9,0,2019,16,0,38,3,0,73.0,73.0,76.0,72.57142857142857,72.71428571428571,72.92857142857143,2.7602622373694152,2.163635524139617,2.0535167924639013,2,0
2019-09-17,71.0,Free Range Eggs,GreenBasket,Tuesday,9,0,2019,17,1,38,3,0,69.0,76.0,72.0,72.28571428571429,72.57142857142857,72.75,2.811540841738188,2.208873214813629,1.993043457183573,2,0
2019-09-18,76.0,Free Range Eggs,GreenBasket,Wednesday,9,0,2019,18,2,38,3,0,76.0,71.0,71.0,72.57142857142857,72.21428571428571,72.71428571428571,2.5071326821120326,2.0068563793836156,2.015810522715886,2,0
2019-09-19,72.0,Free Range Eggs,GreenBasket,Thursday,9,0,2019,19,3,38,3,0,76.0,72.0,75.0,72.57142857142857,72.57142857142857,72.89285714285714,2.5071326821120326,2.208873214813629,2.0788046015507526,2,0
2019-09-20,73.0,Free Range Eggs,GreenBasket,Friday,9,0,2019,20,4,38,3,0,71.0,73.0,72.0,72.0,72.57142857142857,72.78571428571429,1.9999999999999925,2.208873214813629,2.0431845669452375,2,0
2019-09-21,73.0,Free Range Eggs,GreenBasket,Saturday,9,0,2019,21,5,38,3,1,73.0,72.0,72.0,72.28571428571429,72.57142857142857,72.82142857142857,1.9760470401187018,2.208873214813629,2.037674263005847,2,0
2019-09-22,70.0,Free Range Eggs,GreenBasket,Sunday,9,0,2019,22,6,38,3,1,70.0,73.0,71.0,72.28571428571429,72.64285714285714,72.85714285714286,1.9760470401187018,2.2051388533690086,2.031498000733484,2,0
2019-09-23,71.0,Free Range Eggs,GreenBasket,Monday,9,0,2019,23,0,39,3,0,71.0,73.0,71.0,72.28571428571429,72.42857142857143,72.82142857142857,1.9760470401187018,2.3109866595589743,2.0737079230847746,2,0
2019-09-24,72.0,Free Range Eggs,GreenBasket,Tuesday,9,0,2019,24,1,39,3,0,71.0,69.0,73.0,72.28571428571429,72.28571428571429,72.82142857142857,1.9760470401187018,2.3346411823981956,2.0737079230847746,2,0
2019-09-25,76.0,Free Range Eggs,GreenBasket,Wednesday,9,0,2019,25,2,39,3,0,76.0,76.0,75.0,72.42857142857143,72.5,72.78571428571429,1.9023794624226784,2.1393744592574926,2.0791227291219117,2,0
2019-09-26,71.0,Free Range Eggs,GreenBasket,Thursday,9,0,2019,26,3,39,3,0,72.0,76.0,72.0,72.42857142857143,72.5,72.82142857142857,1.9023794624226784,2.1393744592574926,2.126613921821917,2,0
2019-09-27,72.0,Free Range Eggs,GreenBasket,Friday,9,0,2019,27,4,39,3,0,73.0,71.0,76.0,72.28571428571429,72.14285714285714,72.78571428571429,1.9760470401187018,1.9158104473903097,2.149196970742245,2,0
2019-09-28,72.0,Free Range Eggs,GreenBasket,Saturday,9,0,2019,28,5,39,3,1,73.0,73.0,76.0,72.14285714285714,72.21428571428571,72.64285714285714,1.9518001458970597,1.8883680959850646,2.0586634591635598,2,0
2019-09-29,70.0,Free Range Eggs,GreenBasket,Sunday,9,0,2019,29,6,39,3,1,70.0,70.0,72.0,72.0,72.14285714285714,72.5,1.9148542155126695,1.8752289237540316,1.9531550923607837,2,0
2019-09-30,74.0,Free Range Eggs,GreenBasket,Monday,9,0,2019,30,0,40,3,0,71.0,71.0,73.0,72.0,72.14285714285714,72.42857142857143,1.9148542155126695,1.8752289237540316,2.007920823076967,2,0
2019-10-01,72.0,Free Range Eggs,GreenBasket,Tuesday,10,0,2019,1,1,40,4,0,72.0,71.0,76.0,72.42857142857143,72.35714285714286,72.46428571428571,1.9880595947760027,1.9057460827372392,2.0272612953905105,2,0
2019-10-02,72.0,Free Range Eggs,GreenBasket,Wednesday,10,0,2019,2,2,40,4,0,76.0,76.0,71.0,72.42857142857143,72.42857142857143,72.32142857142857,1.9880595947760027,1.8693596482500896,1.9061998540546436,2,0
2019-10-03,74.0,Free Range Eggs,GreenBasket,Thursday,10,0,2019,3,3,40,4,0,71.0,72.0,72.0,71.85714285714286,72.14285714285714,72.35714285714286,1.2149857925879026,1.5619092289760725,1.8898223650461514,2,0
2019-10-04,75.0,Free Range Eggs,GreenBasket,Friday,10,0,2019,4,4,40,4,0,72.0,73.0,73.0,72.28571428571429,72.28571428571429,72.42857142857143,1.3801311186846994,1.6374732612531044,1.913472148053301,2,0
2019-10-05,70.0,Free Range Eggs,GreenBasket,Saturday,10,0,2019,5,5,40,4,1,72.0,73.0,72.0,72.71428571428571,72.42857142857143,72.5,1.7043362064926837,1.785164750608018,1.9720265943665505,2,0
2019-10-06,72.0,Free Range Eggs,GreenBasket,Sunday,10,0,2019,6,6,40,4,1,70.0,70.0,73.0,72.42857142857143,72.21428571428571,72.42857142857143,1.9880595947760022,1.8883680959850657,2.026282336156578,2,0
2019-10-07,72.0,Free Range Eggs,GreenBasket,Monday,10,0,2019,7,0,41,4,0,74.0,71.0,73.0,72.71428571428571,72.35714285714286,72.39285714285714,1.7043362064926837,1.7805419597217778,2.0246496855521463,2,0
2019-10-08,72.0,Free Range Eggs,GreenBasket,Tuesday,10,0,2019,8,1,41,4,0,72.0,72.0,69.0,72.42857142857143,72.42857142857143,72.35714285714286,1.618347187425366,1.7415415679699504,2.022361760404688,2,0
2019-10-09,71.0,Free Range Eggs,GreenBasket,Wednesday,10,0,2019,9,2,41,4,0,72.0,76.0,76.0,72.42857142857143,72.42857142857143,72.46428571428571,1.618347187425366,1.7415415679699504,1.9145087921824666,2,0
2019-10-10,74.0,Free Range Eggs,GreenBasket,Thursday,10,0,2019,10,3,41,4,0,74.0,71.0,76.0,72.28571428571429,72.07142857142857,72.28571428571429,1.7043362064926866,1.4392458342579162,1.8024087351866969,2,0
2019-10-11,73.0,Free Range Eggs,GreenBasket,Friday,10,0,2019,11,4,41,4,0,75.0,72.0,71.0,72.28571428571429,72.28571428571429,72.21428571428571,1.7043362064926866,1.48989268733705,1.6856066686121953,2,0
2019-10-12,69.0,Free Range Eggs,GreenBasket,Saturday,10,0,2019,12,5,41,4,1,70.0,72.0,73.0,72.0,72.35714285714286,72.28571428571429,1.2909944487357978,1.4990839693802833,1.6745843676067396,2,0
2019-10-13,69.0,Free Range Eggs,GreenBasket,Sunday,10,0,2019,13,6,41,4,1,72.0,70.0,70.0,71.85714285714286,72.14285714285714,72.14285714285714,1.5735915849388793,1.7478401113789699,1.7787695646207886,2,0
2019-11-06,93.0,Whole Wheat Bread,GreenBasket,Wednesday,11,0,2019,6,2,45,4,0,91.0,90.0,89.0,89.85714285714286,90.21428571428571,89.92857142857143,1.4638501094227463,1.4238934396478062,1.4383264819862445,2,2
2019-11-07,91.0,Whole Wheat Bread,GreenBasket,Thursday,11,0,2019,7,3,45,4,0,91.0,92.0,91.0,90.14285714285714,90.42857142857143,90.07142857142857,1.8644544714715603,1.6035674514743903,1.5378814535194831,2,2
2019-11-08,90.0,Whole Wheat Bread,GreenBasket,Friday,11,0,2019,8,4,45,4,0,90.0,90.0,92.0,90.14285714285714,90.35714285714286,90.07142857142857,1.8644544714715603,1.5495479666981633,1.5378814535194831,2,2
2019-11-09,90.0,Whole Wheat Bread,GreenBasket,Saturday,11,0,2019,9,5,45,4,1,91.0,90.0,88.0,90.14285714285714,90.35714285714286,90.0,1.8644544714715603,1.5495479666981633,1.4907119849998078,2,2
2019-11-10,90.0,Whole Wheat Bread,GreenBasket,Sunday,11,0,2019,10,6,45,4,1,90.0,89.0,90.0,90.0,90.35714285714286,90.07142857142857,1.8257418583505076,1.5495479666981633,1.4383264819862358,2,2
2019-11-11,90.0,Whole Wheat Bread,GreenBasket,Monday,11,0,2019,11,0,46,4,0,87.0,90.0,89.0,90.0,90.42857142857143,90.07142857142857,1.8257418583505076,1.504571787498278,1.4383264819862358,2,2
2019-11-12,90.0,Whole Wheat Bread,GreenBasket,Tuesday,11,0,2019,12,1,46,4,0,89.0,93.0,90.0,90.42857142857143,90.42857142857143,90.10714285714286,1.2724180205606195,1.504571787498278,1.4230714230607338,2,2
2019-11-13,93.0,Whole Wheat Bread,GreenBasket,Wednesday,11,0,2019,13,2,46,4,0,93.0,91.0,88.0,90.57142857142857,90.21428571428571,90.10714285714286,1.1338934190275807,1.3114039117601235,1.4230714230607338,2,2
2019-11-14,91.0,Whole Wheat Bread,GreenBasket,Thursday,11,0,2019,14,3,46,4,0,91.0,91.0,92.0,90.57142857142857,90.35714285714286,90.28571428571429,1.1338934190275807,1.4990839693800522,1.4620417701166855,2,2
2020-07-08,94.0,Whole Wheat Bread,GreenBasket,Wednesday,7,0,2020,8,2,28,3,0,95.0,93.0,94.0,92.71428571428571,92.85714285714286,93.14285714285714,1.889822365046101,1.5118578920366987,1.4327979804945306,2,2
2020-07-09,94.0,Whole Wheat Bread,GreenBasket,Thursday,7,0,2020,9,3,28,3,0,95.0,95.0,94.0,92.57142857142857,92.92857142857143,93.14285714285714,1.718249385968411,1.542439911024166,1.4327979804945306,2,2
2020-07-10,93.0,Whole Wheat Bread,GreenBasket,Friday,7,0,2020,10,4,28,3,0,93.0,93.0,93.0,92.42857142857143,92.85714285714286,93.14285714285714,1.5118578920368666,1.460091823094526,1.4327979804945306,2,2
2020-07-11,92.0,Whole Wheat Bread,GreenBasket,Saturday,7,0,2020,11,5,28,3,1,91.0,91.0,93.0,92.42857142857143,92.85714285714286,93.14285714285714,1.5118578920368666,1.460091823094526,1.4327979804945306,2,2
2020-07-12,91.0,Whole Wheat Bread,GreenBasket,Sunday,7,0,2020,12,6,28,3,1,90.0,93.0,91.0,92.57142857142857,92.92857142857143,93.10714285714286,1.3972762620114958,1.3847680013568249,1.4488638132017477,2,2
2020-07-13,94.0,Whole Wheat Bread,GreenBasket,Monday,7,0,2020,13,0,29,3,0,92.0,93.0,92.0,92.71428571428571,92.78571428571429,93.10714285714286,1.1126972805283109,1.4769288003549996,1.4488638132017477,2,2
2020-07-14,93.0,Whole Wheat Bread,GreenBasket,Tuesday,7,0,2020,14,1,29,3,0,93.0,93.0,94.0,93.0,92.85714285714286,93.17857142857143,1.1547005383791882,1.5118578920366998,1.4415416497768883,2,2
2020-07-15,94.0,Whole Wheat Bread,GreenBasket,Wednesday,7,0,2020,15,2,29,3,0,94.0,95.0,95.0,93.0,92.85714285714286,93.14285714285714,1.1547005383791882,1.5118578920366998,1.4327979804945306,2,2
2020-07-16,93.0,Whole Wheat Bread,GreenBasket,Thursday,7,0,2020,16,3,29,3,0,94.0,95.0,95.0,93.0,92.78571428571429,93.10714285714286,1.1547005383791882,1.4238934396477514,1.3968028497455753,2,2
2020-07-17,94.0,Whole Wheat Bread,GreenBasket,Friday,7,0,2020,17,4,29,3,0,93.0,93.0,95.0,92.85714285714286,92.64285714285714,93.03571428571429,1.0690449676496312,1.277445940878724,1.346659594512005,2,2
2020-07-18,93.0,Whole Wheat Bread,GreenBasket,Saturday,7,0,2020,18,5,29,3,1,92.0,91.0,93.0,93.0,92.71428571428571,93.0,1.1547005383791882,1.3259870882633606,1.3052600138297672,2,2
2020-07-19,92.0,Whole Wheat Bread,GreenBasket,Sunday,7,0,2020,19,6,29,3,1,91.0,90.0,91.0,93.14285714285714,92.85714285714286,93.0,1.0690449676496268,1.2314558524295074,1.3052600138297672,2,2
2020-07-20,91.0,Whole Wheat Bread,GreenBasket,Monday,7,0,2020,20,0,30,3,0,94.0,92.0,94.0,93.28571428571429,93.0,93.03571428571429,0.7559289460183513,0.9607689228301843,1.2614554456139204,2,2
2020-07-21,95.0,Whole Wheat Bread,GreenBasket,Tuesday,7,0,2020,21,1,30,3,0,93.0,93.0,94.0,92.85714285714286,92.92857142857143,92.92857142857143,1.0690449676496265,1.071611705960236,1.3032316365143586,2,2
2020-07-22,94.0,Whole Wheat Bread,GreenBasket,Wednesday,7,0,2020,22,2,30,3,0,94.0,94.0,93.0,93.14285714285714,93.07142857142857,92.96428571428571,1.3451854182690397,1.2066664642904825,1.3466595945120095,2,2
2020-07-23,95.0,Whole Wheat Bread,GreenBasket,Thursday,7,0,2020,23,3,30,3,0,93.0,94.0,95.0,93.14285714285714,93.07142857142857,93.0,1.3451854182690397,1.2066664642904825,1.3608276348792412,2,2
2020-07-24,93.0,Whole Wheat Bread,GreenBasket,Friday,7,0,2020,24,4,30,3,0,94.0,93.0,93.0,93.42857142857143,93.14285714285714,93.0,1.511857892036853,1.2924123453174683,1.3608276348792412,2,2
2020-07-25,92.0,Whole Wheat Bread,GreenBasket,Saturday,7,0,2020,25,5,30,3,1,93.0,92.0,91.0,93.28571428571429,93.14285714285714,93.0,1.496026483086137,1.2924123453174683,1.3608276348792412,2,2
2020-07-26,93.0,Whole Wheat Bread,GreenBasket,Sunday,7,0,2020,26,6,30,3,1,92.0,91.0,93.0,93.14285714285714,93.14285714285714,93.03571428571429,1.573591584938837,1.2924123453174683,1.3188699668341677,2,2
2020-07-27,93.0,Whole Wheat Bread,GreenBasket,Monday,7,0,2020,27,0,31,3,0,91.0,94.0,93.0,93.28571428571429,93.28571428571429,93.03571428571429,1.496026483086137,1.1387288073560817,1.3188699668341677,2,2
2020-07-28,93.0,Whole Wheat Bread,GreenBasket,Tuesday,7,0,2020,28,1,31,3,0,95.0,93.0,93.0,93.57142857142857,93.21428571428571,93.03571428571429,1.1338934190276042,1.1217137594952982,1.3188699668341677,2,2
2020-07-29,92.0,Whole Wheat Bread,GreenBasket,Wednesday,7,0,2020,29,2,31,3,0,94.0,94.0,95.0,93.28571428571429,93.21428571428571,93.03571428571429,0.951189731211253,1.1217137594952982,1.3188699668341677,2,2
2020-07-30,94.0,Whole Wheat Bread,GreenBasket,Thursday,7,0,2020,30,3,31,3,0,95.0,93.0,95.0,93.0,93.07142857142857,92.92857142857143,0.9999999999999165,1.1411388181098467,1.2744954391200531,2,2
2020-07-31,94.0,Whole Wheat Bread,GreenBasket,Friday,7,0,2020,31,4,31,3,0,93.0,94.0,93.0,92.85714285714286,93.14285714285714,92.89285714285714,0.6900655593422331,1.1673205911987887,1.2274419565148313,2,2
2020-08-01,93.0,Whole Wheat Bread,GreenBasket,Saturday,8,0,2020,1,5,31,3,1,92.0,93.0,91.0,93.0,93.14285714285714,92.92857142857143,0.8164965809276212,1.1673205911987887,1.245096201208462,2,2
2020-08-02,92.0,Whole Wheat Bread,GreenBasket,Sunday,8,0,2020,2,6,31,3,1,93.0,92.0,90.0,93.14285714285714,93.14285714285714,93.0,0.6900655593422265,1.1673205911987887,1.1863420280031327,2,2
2021-10-25,95.0,Whole Wheat Bread,GreenBasket,Monday,10,0,2021,25,0,43,4,0,94.0,94.0,102.0,94.42857142857143,94.78571428571429,96.28571428571429,1.7182493859696395,1.6256866681058557,3.619465305888056,2,2
2021-10-26,93.0,Whole Wheat Bread,GreenBasket,Tuesday,10,0,2021,26,1,43,4,0,92.0,94.0,102.0,94.57142857142857,94.85714285714286,96.03571428571429,1.718249385969637,1.610405723228331,3.4478349927983,2,2
2021-10-27,96.0,Whole Wheat Bread,GreenBasket,Wednesday,10,0,2021,27,2,43,4,0,96.0,97.0,103.0,94.71428571428571,94.78571428571429,95.71428571428571,1.4960264830875525,1.6723346844167506,3.2869792825984216,2,2
2021-10-28,96.0,Whole Wheat Bread,GreenBasket,Thursday,10,0,2021,28,3,43,4,0,97.0,97.0,103.0,94.71428571428571,94.71428571428571,95.46428571428571,1.4960264830875525,1.5898026693500387,2.962508232301397,2,2
2021-10-29,94.0,Whole Wheat Bread,GreenBasket,Friday,10,0,2021,29,4,43,4,0,95.0,96.0,102.0,94.57142857142857,94.64285714285714,95.21428571428571,1.2724180205623064,1.4990839693802123,2.5727509827121304,2,2
2021-10-30,94.0,Whole Wheat Bread,GreenBasket,Saturday,10,0,2021,30,5,43,4,1,93.0,95.0,103.0,94.42857142857143,94.5,94.92857142857143,1.27241802056231,1.454436184706848,2.2098863960838813,2,2
2021-10-31,95.0,Whole Wheat Bread,GreenBasket,Sunday,10,0,2021,31,6,43,4,1,94.0,93.0,95.0,94.57142857142857,94.42857142857143,94.60714285714286,1.1338934190294798,1.4525460784051265,1.5477411429245784,2,2
2021-11-01,95.0,Whole Wheat Bread,GreenBasket,Monday,11,0,2021,1,0,44,4,0,95.0,94.0,92.0,94.71428571428571,94.57142857142857,94.60714285714286,1.1126972805302018,1.3985864135061328,1.5477411429245784,2,2
2021-11-02,96.0,Whole Wheat Bread,GreenBasket,Tuesday,11,0,2021,2,1,44,4,0,93.0,92.0,95.0,94.71428571428571,94.64285714285714,94.71428571428571,1.1126972805302018,1.392681025777412,1.4620417701163446,2,2
2021-12-13,95.0,Whole Wheat Bread,GreenBasket,Monday,12,0,2021,13,0,50,4,0,94.0,95.0,92.0,94.28571428571429,94.5,94.39285714285714,1.2535663410576487,1.1602387022306422,1.314852074887094,2,2
2021-12-14,94.0,Whole Wheat Bread,GreenBasket,Tuesday,12,0,2021,14,1,50,4,0,95.0,94.0,93.0,94.42857142857143,94.5,94.5,1.2724180205623064,1.1602387022306422,1.2322818340450343,2,2
2021-12-15,95.0,Whole Wheat Bread,GreenBasket,Wednesday,12,0,2021,15,2,50,4,0,94.0,96.0,95.0,94.28571428571429,94.5,94.53571428571429,1.2535663410576487,1.1602387022306422,1.2013000012988237,2,2
2021-12-16,96.0,Whole Wheat Bread,GreenBasket,Thursday,12,0,2021,16,3,50,4,0,95.0,96.0,96.0,94.42857142857143,94.42857142857143,94.53571428571429,1.2724180205623064,1.0894095588038466,1.2013000012988237,2,2
2021-12-17,95.0,Whole Wheat Bread,GreenBasket,Friday,12,0,2021,17,4,50,4,0,96.0,95.0,95.0,94.57142857142857,94.42857142857143,94.53571428571429,1.3972762620130001,1.0894095588038466,1.2013000012988237,2,2
2021-12-18,445.0,Whole Wheat Bread,GreenBasket,Saturday,12,0,2021,18,5,50,4,1,94.0,94.0,94.0,94.42857142857143,94.42857142857143,94.53571428571429,1.2724180205623064,1.0894095588038466,1.2013000012988237,2,2
2021-12-19,93.0,Whole Wheat Bread,GreenBasket,Sunday,12,0,2021,19,6,50,4,1,92.0,93.0,93.0,144.57142857142858,119.5,107.07142857142857,132.48252355544503,93.69159719321355,66.23858591901143,2,2
2021-12-20,94.0,Whole Wheat Bread,GreenBasket,Monday,12,0,2021,20,0,51,4,0,95.0,94.0,92.0,144.71428571428572,119.5,107.07142857142857,132.41691015590908,93.69159719321355,66.23858591901143,2,2
2021-12-21,94.0,Whole Wheat Bread,GreenBasket,Tuesday,12,0,2021,21,1,51,4,0,94.0,95.0,95.0,144.57142857142858,119.5,107.14285714285714,132.4800074764203,93.69159719321355,66.22280813632348,2,2
2021-12-22,95.0,Whole Wheat Bread,GreenBasket,Wednesday,12,0,2021,22,2,51,4,0,95.0,94.0,97.0,144.57142857142858,119.42857142857143,107.10714285714286,132.4800074764203,93.71209123670243,66.22986865943112,2,2
2021-12-23,98.0,Whole Wheat Bread,GreenBasket,Thursday,12,0,2021,23,3,51,4,0,96.0,95.0,96.0,144.57142857142858,119.5,107.03571428571429,132.4800074764203,93.69159719321355,66.24225022057831,2,2
2021-12-24,95.0,Whole Wheat Bread,GreenBasket,Friday,12,0,2021,24,4,51,4,0,95.0,96.0,94.0,144.85714285714286,119.71428571428571,107.10714285714286,132.35989897677794,93.63466531926382,66.2309870890782,2,2
2021-12-25,95.0,Whole Wheat Bread,GreenBasket,Saturday,12,0,2021,25,5,51,4,1,445.0,94.0,94.0,144.85714285714286,119.64285714285714,107.14285714285714,132.35989897677794,93.65452647720946,66.22392668521294,2,2
2021-12-26,96.0,Whole Wheat Bread,GreenBasket,Sunday,12,0,2021,26,6,51,4,1,93.0,92.0,94.0,94.85714285714286,119.71428571428571,107.17857142857143,1.57359158494017,93.6338437921711,66.21684555247727,2,2
